"countryid","countryName","IsDeleted","recordname"
"AD","Andorra","0","Andorra"
"AE","United Arab Emirates","0","United Arab Emirates"
"AF","Afghanistan","0","Afghanistan"
"AG","Antigua and Barbuda","0","Antigua and Barbuda"
"AI","Anguilla","0","Anguilla"
"AL","Albania","0","Albania"
"AM","Armenia","0","Armenia"
"AN","Netherlands Antilles","0","Netherlands Antilles"
"AO","Angola","0","Angola"
"AQ","Antarctica","0","Antarctica"
"AR","Argentina","0","Argentina"
"AS","American Samoa","0","American Samoa"
"AT","Austria","0","Austria"
"AU","Australia","0","Australia"
"AW","Aruba","0","Aruba"
"AZ","Azerbaijan","0","Azerbaijan"
"BA","Bosnia and Herzegovina","0","Bosnia and Herzegovina"
"BB","Barbados","0","Barbados"
"BD","Bangladesh","0","Bangladesh"
"BE","Belgium","0","Belgium"
"BF","Burkina Faso","0","Burkina Faso"
"BG","Bulgaria","0","Bulgaria"
"BH","Bahrain","0","Bahrain"
"BI","Burundi","0","Burundi"
"BJ","Benin","0","Benin"
"BM","Bermuda","0","Bermuda"
"BN","Brunei Darussalam","0","Brunei Darussalam"
"BO","Bolivia","0","Bolivia"
"BR","Brazil","0","Brazil"
"BS","Bahamas","0","Bahamas"
"BT","Bhutan","0","Bhutan"
"BV","Bouvet Island","0","Bouvet Island"
"BW","Botswana","0","Botswana"
"BY","Belarus","0","Belarus"
"BZ","Belize","0","Belize"
"CA","Canada","0","Canada"
"CC","Cocos (Keeling) Islands","0","Cocos (Keeling) Islands"
"CD","Democratic Republic of the Congo","0","Democratic Republic of the Congo"
"CF","Central African Republic","0","Central African Republic"
"CG","Congo","0","Congo"
"CH","Switzerland","0","Switzerland"
"CI","Cote D'Ivoire","0","Cote D'Ivoire"
"CK","Cook Islands","0","Cook Islands"
"CL","Chile","0","Chile"
"CM","Cameroon","0","Cameroon"
"CN","China","0","China"
"CO","Colombia","0","Colombia"
"CR","Costa Rica","0","Costa Rica"
"CS","Serbia and Montenegro","0","Serbia and Montenegro"
"CU","Cuba","0","Cuba"
"CV","Cape Verde","0","Cape Verde"
"CX","Christmas Island","0","Christmas Island"
"CY","Cyprus","0","Cyprus"
"CZ","Czech Republic","0","Czech Republic"
"DE","Germany","0","Germany"
"DJ","Djibouti","0","Djibouti"
"DK","Denmark","0","Denmark"
"DM","Dominica","0","Dominica"
"DO","Dominican Republic","0","Dominican Republic"
"DZ","Algeria","0","Algeria"
"EC","Ecuador","0","Ecuador"
"EE","Estonia","0","Estonia"
"EG","Egypt","0","Egypt"
"EH","Western Sahara","0","Western Sahara"
"ER","Eritrea","0","Eritrea"
"ES","Spain","0","Spain"
"ET","Ethiopia","0","Ethiopia"
"FI","Finland","0","Finland"
"FJ","Fiji","0","Fiji"
"FK","Falkland Islands","0","Falkland Islands"
"FM","Micronesia","0","Micronesia"
"FO","Faroe Islands","0","Faroe Islands"
"FR","France","0","France"
"GA","Gabon","0","Gabon"
"GB","United Kingdom","0","United Kingdom"
"GD","Grenada","0","Grenada"
"GE","Georgia","0","Georgia"
"GF","French Guiana","0","French Guiana"
"GH","Ghana","0","Ghana"
"GI","Gibraltar","0","Gibraltar"
"GL","Greenland","0","Greenland"
"GM","Gambia","0","Gambia"
"GN","Guinea","0","Guinea"
"GP","Guadeloupe","0","Guadeloupe"
"GQ","Equatorial Guinea","0","Equatorial Guinea"
"GR","Greece","0","Greece"
"GS","South Georgia and the South Sandwich Islands","0","South Georgia and the South Sandwich Islands"
"GT","Guatemala","0","Guatemala"
"GU","Guam","0","Guam"
"GW","Guinea-Bissau","0","Guinea-Bissau"
"GY","Guyana","0","Guyana"
"HK","Hong Kong","0","Hong Kong"
"HM","Heard Island and Mcdonald Islands","0","Heard Island and Mcdonald Islands"
"HN","Honduras","0","Honduras"
"HR","Croatia","0","Croatia"
"HT","Haiti","0","Haiti"
"HU","Hungary","0","Hungary"
"ID","Indonesia","0","Indonesia"
"IE","Ireland","0","Ireland"
"IL","Israel","0","Israel"
"IN","India","0","India"
"IO","British Indian Ocean Territory","0","British Indian Ocean Territory"
"IQ","Iraq","0","Iraq"
"IR","Iran","0","Iran"
"IS","Iceland","0","Iceland"
"IT","Italy","0","Italy"
"JM","Jamaica","0","Jamaica"
"JO","Jordan","0","Jordan"
"JP","Japan","0","Japan"
"KE","Kenya","0","Kenya"
"KG","Kyrgyzstan","0","Kyrgyzstan"
"KH","Cambodia","0","Cambodia"
"KI","Kiribati","0","Kiribati"
"KM","Comoros","0","Comoros"
"KN","Saint Kitts and Nevis","0","Saint Kitts and Nevis"
"KP","North Korea","0","North Korea"
"KR","South Korea","0","South Korea"
"KW","Kuwait","0","Kuwait"
"KY","Cayman Islands","0","Cayman Islands"
"KZ","Kazakhstan","0","Kazakhstan"
"LA","Laos","0","Laos"
"LB","Lebanon","0","Lebanon"
"LC","Saint Lucia","0","Saint Lucia"
"LI","Liechtenstein","0","Liechtenstein"
"LK","Sri Lanka","0","Sri Lanka"
"LR","Liberia","0","Liberia"
"LS","Lesotho","0","Lesotho"
"LT","Lithuania","0","Lithuania"
"LU","Luxembourg","0","Luxembourg"
"LV","Latvia","0","Latvia"
"LY","Libya","0","Libya"
"MA","Morocco","0","Morocco"
"MC","Monaco","0","Monaco"
"MD","Moldova","0","Moldova"
"MG","Madagascar","0","Madagascar"
"MH","Marshall Islands","0","Marshall Islands"
"MK","North Macedonia","0","North Macedonia"
"ML","Mali","0","Mali"
"MM","Myanmar","0","Myanmar"
"MN","Mongolia","0","Mongolia"
"MO","Macao","0","Macao"
"MP","Northern Mariana Islands","0","Northern Mariana Islands"
"MQ","Martinique","0","Martinique"
"MR","Mauritania","0","Mauritania"
"MS","Montserrat","0","Montserrat"
"MT","Malta","0","Malta"
"MU","Mauritius","0","Mauritius"
"MV","Maldives","0","Maldives"
"MW","Malawi","0","Malawi"
"MX","Mexico","0","Mexico"
"MY","Malaysia","0","Malaysia"
"MZ","Mozambique","0","Mozambique"
"NA","Namibia","0","Namibia"
"NC","New Caledonia","0","New Caledonia"
"NE","Niger","0","Niger"
"NF","Norfolk Island","0","Norfolk Island"
"NG","Nigeria","0","Nigeria"
"NI","Nicaragua","0","Nicaragua"
"NL","Netherlands","0","Netherlands"
"NO","Norway","0","Norway"
"NP","Nepal","0","Nepal"
"NR","Nauru","0","Nauru"
"NU","Niue","0","Niue"
"NZ","New Zealand","0","New Zealand"
"OM","Oman","0","Oman"
"PA","Panama","0","Panama"
"PE","Peru","0","Peru"
"PF","French Polynesia","0","French Polynesia"
"PG","Papua New Guinea","0","Papua New Guinea"
"PH","Philippines","0","Philippines"
"PK","Pakistan","0","Pakistan"
"PL","Poland","0","Poland"
"PM","Saint Pierre and Miquelon","0","Saint Pierre and Miquelon"
"PN","Pitcairn","0","Pitcairn"
"PR","Puerto Rico","0","Puerto Rico"
"PS","Palestine","0","Palestine"
"PT","Portugal","0","Portugal"
"PW","Palau","0","Palau"
"PY","Paraguay","0","Paraguay"
"QA","Qatar","0","Qatar"
"RE","Reunion","0","Reunion"
"RO","Romania","0","Romania"
"RU","Russia","0","Russia"
"RW","Rwanda","0","Rwanda"
"SA","Saudi Arabia","0","Saudi Arabia"
"SB","Solomon Islands","0","Solomon Islands"
"SC","Seychelles","0","Seychelles"
"SD","Sudan","0","Sudan"
"SE","Sweden","0","Sweden"
"SG","Singapore","0","Singapore"
"SH","Saint Helena","0","Saint Helena"
"SI","Slovenia","0","Slovenia"
"SJ","Svalbard and Jan Mayen","0","Svalbard and Jan Mayen"
"SK","Slovakia","0","Slovakia"
"SL","Sierra Leone","0","Sierra Leone"
"SM","San Marino","0","San Marino"
"SN","Senegal","0","Senegal"
"SO","Somalia","0","Somalia"
"SR","Suriname","0","Suriname"
"ST","Sao Tome and Principe","0","Sao Tome and Principe"
"SV","El Salvador","0","El Salvador"
"SY","Syrian Arab Republic","0","Syrian Arab Republic"
"SZ","Swaziland","0","Swaziland"
"TC","Turks and Caicos Islands","0","Turks and Caicos Islands"
"TD","Chad","0","Chad"
"TF","French Southern Territories","0","French Southern Territories"
"TG","Togo","0","Togo"
"TH","Thailand","0","Thailand"
"TJ","Tajikistan","0","Tajikistan"
"TK","Tokelau","0","Tokelau"
"TL","Timor-Leste","0","Timor-Leste"
"TM","Turkmenistan","0","Turkmenistan"
"TN","Tunisia","0","Tunisia"
"TO","Tonga","0","Tonga"
"TR","Turkey","0","Turkey"
"TT","Trinidad and Tobago","0","Trinidad and Tobago"
"TV","Tuvalu","0","Tuvalu"
"TW","Taiwan","0","Taiwan"
"TZ","Tanzania","0","Tanzania"
"UA","Ukraine","0","Ukraine"
"UG","Uganda","0","Uganda"
"UM","United States Minor Outlying Islands","0","United States Minor Outlying Islands"
"US","United States","0","United States"
"UY","Uruguay","0","Uruguay"
"UZ","Uzbekistan","0","Uzbekistan"
"VA","Vatican City","0","Vatican City"
"VC","Saint Vincent and the Grenadines","0","Saint Vincent and the Grenadines"
"VE","Venezuela","0","Venezuela"
"VG","British Virgin Islands","0","British Virgin Islands"
"VI","U.S. Virgin Islands","0","U.S. Virgin Islands"
"VN","Viet Nam","0","Viet Nam"
"VU","Vanuatu","0","Vanuatu"
"WF","Wallis and Futuna","0","Wallis and Futuna"
"WS","Samoa","0","Samoa"
"YE","Yemen","0","Yemen"
"YT","Mayotte","0","Mayotte"
"ZA","South Africa","0","South Africa"
"ZM","Zambia","0","Zambia"
"ZW","Zimbabwe","0","Zimbabwe"
