"legacy_qry","service","method","returnVar","argsSnippet","notes"
"eventtypes_user","EventtypesService","listByEventtypes","qEventtypesuser","{}",""
"events_byuser","EventsService","listByEvents","qEventsbyuser","{}",""
"getAllCountries","AllcountriesService","getAllcountries","qGetallcountries","{}",""
"getAllRegions","AllregionsService","getAllregions","qGetallregions","{}",""
"getAllTimezones","AlltimezonesService","getAlltimezones","qGetalltimezones","{}",""
"getMinimalTimezones","MinimaltimezonesService","getMinimaltimezones","qGetminimaltimezones","{}",""
"getAllDateFormats","AlldateformatsService","getAlldateformats","qGetalldateformats","{}",""
"getUserDetails","UserdetailsService","getUserdetails","qGetuserdetails","{}",""
"deleteTeam","TeamService","deleteTeam","qDeleteteam","{}",""
"addTeam","TeamService","createTeam","qAddteam","{}",""
"core","CoreService","listCore","qCore","{}",""
"fetchUsers","UsersService","getUsers","qFetchusers","{}",""
"friendfamilycheck","FriendfamilycheckService","listFriendfamilycheck","qFriendfamilycheck","{}",""
"contacts","ContactsService","listContacts","qContacts","{}",""
"categories","CategoriesService","listCategories","qCategories","{}",""
"items","ItemsService","listItems","qItems","{}",""
"notesContact","NotescontactService","listNotescontact","qNotescontact","{}",""
"SystemsContact","SystemscontactService","listSystemscontact","qSystemscontact","{}",""
"tagsContact","TagscontactService","listTagscontact","qTagscontact","{}",""
"profiles","ProfilesService","listProfiles","qProfiles","{}",""
"sysactive","SysactiveService","listSysactive","qSysactive","{}",""
"notsall","NotsallService","listNotsall","qNotsall","{}",""
"events","EventsService","listEvents","qEvents","{}",""
"systemNotificationsActive","SystemnotificationsactiveService","listSystemnotificationsactive","qSystemnotificationsactive","{}",""
"SystemsActiveContact","SystemsactivecontactService","listSystemsactivecontact","qSystemsactivecontact","{}",""
"ru","RuService","listRu","qRu","{}",""
"emailcheck","EmailcheckService","listEmailcheck","qEmailcheck","{}",""
"phonecheck","PhonecheckService","listPhonecheck","qPhonecheck","{}",""
"rels","RelsService","listRels","qRels","{}",""
"fetchcontactitems","ContactitemsService","getContactitems","qFetchcontactitems","{}",""
"tagFriendCheck","TagfriendcheckService","listTagfriendcheck","qTagfriendcheck","{}",""
"update","AteService","updateAte","qUpdate","{}",""
"attachdetails_25_1","AttachdetailsService","listAttachdetails","qAttachdetails","{}",""
"del_25_2","DelService","listDel","qDel","{}",""
"durations","DurationsService","listDurations","qDurations","{}",""
"duration_467_1","DurationService","listDuration","qDuration","{}",""
"update_18_1","AteService","updateAte","qUpdate","{}",""
"d_18_2","DService","listD","qD","{}",""
"FIND_18_3","FindService","listFind","qFIND","{}",""
"add_14_6","AddService","listAdd","qAdd","{}",""
"inserts_18_5","InsertsService","createS","qInserts","{}",""
"getNoteDetails","NotedetailsService","getNotedetails","qGetnotedetails","{}",""
"eventdetails_334_3","EventdetailsService","listEventdetails","qEventdetails","{}",""
"relationships_13_1","RelationshipsService","listRelationships","qRelationships","{}",""
"eventtypes_user_443_2","EventtypesService","listByEventtypes","qEventtypesuser","{}",""
"finde_17_1","FindeService","findE","qFinde","{}",""
"results_330_1","ResultsService","listResults","qResults","{}",""
"priorities_330_2","PrioritiesService","listPriorities","qPriorities","{}",""
"vers_330_3","VersService","listVers","qVers","{}",""
"fetchusers","UsersService","getUsers","qFetchusers","{}",""
"INSERT_22_1","ErtService","createErt","qINSERT","{}",""
"notesEvent_508_1","NoteseventService","listNotesevent","qNotesevent","{}",""
"attendees_336_5","AttendeesService","listAttendees","qAttendees","{}",""
"notesContactDetails_180_2","NotescontactdetailsService","listNotescontactdetails","qNotescontactdetails","{}",""
"addfuSystemUsers","FusystemusersService","createFusystemusers","qAddfusystemusers","{}",""
"addDaysNo_5_2","DaysnoService","createDaysno","qAdddaysno","{}",""
"checkUnique_5_3","CheckuniqueService","listCheckunique","qCheckunique","{}",""
"addNotification_5_4","NotificationService","createNotification","qAddnotification","{}",""
"update_9_1","AteService","updateAte","qUpdate","{}",""
"delete_15_1","EteService","deleteEte","qDelete","{}",""
"delSystemNotifications","SystemnotificationsService","deleteSystemnotifications","qDelsystemnotifications","{}",""
"getFuSystemUsersBySystemID","FusystemusersbysystemidService","getFusystemusersbysystemid","qGetfusystemusersbysystemid","{}",""
"checkUnique_157_8","CheckuniqueService","listCheckunique","qCheckunique","{}",""
"addNotification_326_1","NotificationService","createNotification","qAddnotification","{}",""
"InsertNote_4_1","NoteService","createNote","qInsertnote","{}",""
"DeleteNote_4_2","NoteService","deleteNote","qDeletenote","{}",""
"DeleteNote_4_4","NoteService","deleteNote","qDeletenote","{}",""
"add_14_1","AddService","listAdd","qAdd","{}",""
"t_14_2","TService","listT","qT","{}",""
"tt_14_3","TtService","listTt","qTt","{}",""
"dd_14_4","DdService","listDd","qDd","{}",""
"FIND_14_5","FindService","listFind","qFIND","{}",""
"inserts_14_7","InsertsService","createS","qInserts","{}",""
"InsertNote_14_8","NoteService","createNote","qInsertnote","{}",""
"audprojects_ins","AudprojectsService","listAudprojects_Ins","qAudprojectsins","{}",""
"audroles_ins","AudrolesService","listAudroles_Ins","qAudrolesins","{}",""
"auditions_ins","AuditionsService","listAuditions_Ins","qAuditionsins","{}",""
"finall_20_1","FinallService","listFinall","qFinall","{}",""
"insert_564_1","ErtService","createErt","qInsert","{}",""
"notesevent","NoteseventService","listNotesevent","qNotesevent","{}",""
"results_43_1","ResultsService","listResults","qResults","{}",""
"audlocations_ins_58_1","AudlocationsService","listAudlocations_Ins","qAudlocationsins","{}",""
"SEL_Media_types_material","SelmediatypesmaterialService","find_Media_Types_Material","qSelmediatypesmaterial","{}",""
"audplatforms_sel","AudplatformsService","listAudplatforms","qAudplatformssel","{}",""
"incometypes_sel","IncometypesService","listIncometypes","qIncometypessel","{}",""
"audpaycyles_sel","AudpaycylesService","listAudpaycyles","qAudpaycylessel","{}",""
"book_det_57_1","BookService","listBook_Det","qBookdet","{}",""
"audessences_audtion_xref_49_1","AudessencesService","listAudessences_Audtion_Xref","qAudessencesaudtionxref","{}",""
"findit_49_2","ItService","findIt","qFindit","{}",""
"audgenres_audition_xref","AudgenresService","listAudgenres_Audition_Xref","qAudgenresauditionxref","{}",""
"audvocaltypes_audition_xref","AudvocaltypesService","listAudvocaltypes_Audition_Xref","qAudvocaltypesauditionxref","{}",""
"getAuditionMaterials","AuditionmaterialsService","getAuditionmaterials","qGetauditionmaterials","{}",""
"getAuditionMediaPicklist","AuditionmediapicklistService","getAuditionmediapicklist","qGetauditionmediapicklist","{}",""
"getAuditionMediaTypes","AuditionmediatypesService","getAuditionmediatypes","qGetauditionmediatypes","{}",""
"getAuditionLinks","AuditionlinksService","getAuditionlinks","qGetauditionlinks","{}",""
"insert_41_1","ErtService","createErt","qInsert","{}",""
"x_41_2","XService","listX","qX","{}",""
"insert_41_3","ErtService","createErt","qInsert","{}",""
"update_56_1","AteService","updateAte","qUpdate","{}",""
"getContactsByAudProject","ContactsbyaudprojectService","getContactsbyaudproject","qGetcontactsbyaudproject","{}",""
"audcontacts_sel_349_2","AudcontactsService","listAudcontacts","qAudcontactssel","{}",""
"mytags_48_1","MytagsService","listMytags","qMytags","{}",""
"Findphone_48_2","PhoneService","findPhone","qFindphone","{}",""
"Findemail_48_3","EmailService","findEmail","qFindemail","{}",""
"getSocialIcons","SocialiconsService","getSocialicons","qGetsocialicons","{}",""
"getRemindersByRelationship","RemindersbyrelationshipService","getRemindersbyrelationship","qGetremindersbyrelationship","{}",""
"audcategories_sel","AudcategoriesService","listAudcategories","qAudcategoriessel","{}",""
"up_31_1","UpService","listUp","qUp","{}",""
"audsteps_sel_31_2","AudstepsService","listAudsteps","qAudstepssel","{}",""
"audtypes_sel_31_3","AudtypesService","listAudtypes","qAudtypessel","{}",""
"cds_31_4","CdsService","listCds","qCds","{}",""
"cos_31_5","CosService","listCos","qCos","{}",""
"audmedia","AudmediaService","listAudmedia","qAudmedia","{}",""
"types_44_1","TypesService","listTypes","qTypes","{}",""
"audunions_sel_40_1","AudunionsService","listAudunions","qAudunionssel","{}",""
"auds_byrole","AudsService","listAuds_Byrole","qAudsbyrole","{}",""
"aud_questions","AudService","listAud_Questions","qAudquestions","{}",""
"xx_55_1","XxService","listXx","qXx","{}",""
"update_55_2","AteService","updateAte","qUpdate","{}",""
"auditions_ins_32_1","AuditionsService","listAuditions_Ins","qAuditionsins","{}",""
"audroles_ins_39_1","AudrolesService","listAudroles_Ins","qAudrolesins","{}",""
"bro_add_53_1","BroService","listBro_Add","qBroadd","{}",""
"audmedia_38_1","AudmediaService","listAudmedia","qAudmedia","{}",""
"auditions","AuditionsService","listAuditions","qAuditions","{}",""
"dashboardzz_93_1","DashboardzzService","listDashboardzz","qDashboardzz","{}",""
"menuitems","MenuitemsService","listMenuitems","qMenuitems","{}",""
"menuItemsa_496_2","MenuitemsaService","listMenuitemsa","qMenuitemsa","{}",""
"menuItemsAud_496_3","MenuitemsaudService","listMenuitemsaud","qMenuitemsaud","{}",""
"FindLinksT","LinkstService","findLinkst","qFindlinkst","{}",""
"FindLinksB","LinksbService","findLinksb","qFindlinksb","{}",""
"rolecheck_90_1","RolecheckService","listRolecheck","qRolecheck","{}",""
"audlocations_upd_37_1","AudlocationsService","listAudlocations_Upd","qAudlocationsupd","{}",""
"steps_29_1","StepsService","listSteps","qSteps","{}",""
"rolecheck_29_2","RolecheckService","listRolecheck","qRolecheck","{}",""
"audunions_sel","AudunionsService","listAudunions","qAudunionssel","{}",""
"audnetworks_user_sel","AudnetworksService","listAudnetworks_User","qAudnetworksusersel","{}",""
"audtones_sel","AudtonesService","listAudtones","qAudtonessel","{}",""
"audcontracttypes_sel","AudcontracttypesService","listAudcontracttypes","qAudcontracttypessel","{}",""
"notesaud","NotesaudService","listNotesaud","qNotesaud","{}",""
"auditionDetails_29_3","AuditiondetailsService","listAuditiondetails","qAuditiondetails","{}",""
"findstep_29_4","StepService","findStep","qFindstep","{}",""
"callback_check_29_5","CallbackService","listCallback_Check","qCallbackcheck","{}",""
"Redirect_check_29_6","RedirectService","listRedirect_Check","qRedirectcheck","{}",""
"Pin_check_29_7","PinService","listPin_Check","qPincheck","{}",""
"Booked_check_29_8","BookedService","listBooked_Check","qBookedcheck","{}",""
"update_92_1","AteService","updateAte","qUpdate","{}",""
"del_99_1","DelService","listDel","qDel","{}",""
"itemsbycatActive","ItemsbycatactiveService","listItemsbycatactive","qItemsbycatactive","{}",""
"x_91_1","XService","listX","qX","{}",""
"update_91_2","AteService","updateAte","qUpdate","{}",""
"myteam_499_1","MyteamService","listMyteam","qMyteam","{}",""
"findtag_97_1","TagService","findTag","qFindtag","{}",""
"qFiltered_77_1","QfilteredService","listQfiltered","qQfiltered","{}",""
"qCount_77_2","QcountService","listQcount","qQcount","{}",""
"fetchLocationService","LocationserviceService","getLocationservice","qFetchlocationservice","{}",""
"audplatforms_user_sel","AudplatformsService","listAudplatforms_User","qAudplatformsusersel","{}",""
"cities_448_1","CitiesService","listCities","qCities","{}",""
"cat_27_1","CatService","listCat","qCat","{}",""
"audroletypes_sel_27_2","AudroletypesService","listAudroletypes","qAudroletypessel","{}",""
"audtypes_sel_27_3","AudtypesService","listAudtypes","qAudtypessel","{}",""
"casting_types_27_4","CastingService","listCasting_Types","qCastingtypes","{}",""
"castingdirectors_sel","CastingdirectorsService","listCastingdirectors","qCastingdirectorssel","{}",""
"uu_33_1","UuService","listUu","qUu","{}",""
"folowup_body","FolowupService","listFolowup_Body","qFolowupbody","{}",""
"addmissing_33_3","MissingService","createMissing","qAddmissing","{}",""
"details_456_1","DetailsService","listDetails","qDetails","{}",""
"eventresults","EventresultsService","listEventresults","qEventresults","{}",""
"contacts_333_1","ContactsService","listContacts","qContacts","{}",""
"categories_446_1","CategoriesService","listCategories","qCategories","{}",""
"items_488_1","ItemsService","listItems","qItems","{}",""
"notesContact_507_1","NotescontactService","listNotescontact","qNotescontact","{}",""
"Systems_540_1","SystemsService","listSystems","qSystems","{}",""
"TagsContact_541_1","TagscontactService","listTagscontact","qTagscontact","{}",""
"profiles_516_1","ProfilesService","listProfiles","qProfiles","{}",""
"sysActive_537_1","SysactiveService","listSysactive","qSysactive","{}",""
"notsall_512_1","NotsallService","listNotsall","qNotsall","{}",""
"eventss_443_1","EventssService","listEventss","qEventss","{}",""
"findscope","ScopeService","findScope","qFindscope","{}",""
"sysAvail_539_3","SysavailService","listSysavail","qSysavail","{}",""
"emailcheck_469_1","EmailcheckService","listEmailcheck","qEmailcheck","{}",""
"phonecheck_515_1","PhonecheckService","listPhonecheck","qPhonecheck","{}",""
"findcompany_476_1","CompanyService","findCompany","qFindcompany","{}",""
"notesRelationship_509_1","NotesrelationshipService","listNotesrelationship","qNotesrelationship","{}",""
"cu_83_1","CuService","listCu","qCu","{}",""
"c_83_2","CService","listC","qC","{}",""
"notsactive_510_1","NotsactiveService","listNotsactive","qNotsactive","{}",""
"notsInactive_510_2","NotsinactiveService","listNotsinactive","qNotsinactive","{}",""
"reminders_511_1","RemindersService","listReminders","qReminders","{}",""
"lastupdates","LastupdatesService","listLastupdates","qLastupdates","{}",""
"tags_76_1","TagsService","listTags","qTags","{}",""
"inscontactdetails","ContactdetailsService","createContactdetails","qInscontactdetails","{}",""
"insert_28_2","ErtService","createErt","qInsert","{}",""
"insert_28_3","ErtService","createErt","qInsert","{}",""
"insContactDetails","ContactdetailsService","createContactdetails","qInscontactdetails","{}",""
"insert_28_5","ErtService","createErt","qInsert","{}",""
"insert_28_6","ErtService","createErt","qInsert","{}",""
"insert_28_8","ErtService","createErt","qInsert","{}",""
"FIND_28_10","FindService","listFind","qFIND","{}",""
"insert_28_11","ErtService","createErt","qInsert","{}",""
"add_cd_28_12","AddcdService","create_Cd","qAddcd","{}",""
"dashboardoptions","DashboardoptionsService","listDashboardoptions","qDashboardoptions","{}",""
"audsubcategories_sel","AudsubcategoriesService","listAudsubcategories","qAudsubcategoriessel","{}",""
"auditionprojectDetails_66_1","AuditionprojectdetailsService","listAuditionprojectdetails","qAuditionprojectdetails","{}",""
"add_82_1","AddService","listAdd","qAdd","{}",""
"find_d_104_1","FinddService","find_D","qFindd","{}",""
"deletesystem_104_2","SystemService","deleteSystem","qDeletesystem","{}",""
"update_101_1","AteService","updateAte","qUpdate","{}",""
"x_94_1","XService","listX","qX","{}",""
"pgpanels_94_2","PgpanelsService","listPgpanels","qPgpanels","{}",""
"delete_102_1","EteService","deleteEte","qDelete","{}",""
"deletenote_103_1","NoteService","deleteNote","qDeletenote","{}",""
"regions","RegionsService","listRegions","qRegions","{}",""
"cities","CitiesService","listCities","qCities","{}",""
"deleteticket_105_1","TicketService","deleteTicket","qDeleteticket","{}",""
"deleteticket_100_1","TicketService","deleteTicket","qDeleteticket","{}",""
"imports","ImportsService","listImports","qImports","{}",""
"Findchild_107_1","ChildService","findChild","qFindchild","{}",""
"FindDetails_107_2","DetailsService","findDetails","qFinddetails","{}",""
"FindModalTitle_107_3","ModaltitleService","findModaltitle","qFindmodaltitle","{}",""
"find_107_4","FindService","listFind","qFind","{}",""
"FindValue_107_5","ValueService","findValue","qFindvalue","{}",""
"FindValue_107_6","ValueService","findValue","qFindvalue","{}",""
"selects_107_7","EctsService","findEcts","qSelects","{}",""
"FindValue_107_8","ValueService","findValue","qFindvalue","{}",""
"selects_107_9","EctsService","findEcts","qSelects","{}",""
"selects_107_11","EctsService","findEcts","qSelects","{}",""
"selects_107_12","EctsService","findEcts","qSelects","{}",""
"details_106_1","DetailsService","listDetails","qDetails","{}",""
"U_73_1","UService","listU","qU","{}",""
"C_73_2","CService","listC","qC","{}",""
"getNotificationById","NotificationbyidService","getNotificationbyid","qGetnotificationbyid","{}",""
"addNotification_72_1","NotificationService","createNotification","qAddnotification","{}",""
"updateContact_72_2","ContactService","updateContact","qUpdatecontact","{}",""
"addNotification_71_3","NotificationService","createNotification","qAddnotification","{}",""
"notsnext","NotsnextService","listNotsnext","qNotsnext","{}",""
"updatesystem_72_4","SystemService","updateSystem","qUpdatesystem","{}",""
"updatesystem_72_5","SystemService","updateSystem","qUpdatesystem","{}",""
"checkformaint_72_6","CheckformaintService","listCheckformaint","qCheckformaint","{}",""
"findSystem_71_7","SystemService","findSystem","qFindsystem","{}",""
"Insert_72_8","ErtService","createErt","qInsert","{}",""
"attachdetails_109_1","AttachdetailsService","listAttachdetails","qAttachdetails","{}",""
"getNotificationByID","NotificationbyidService","getNotificationbyid","qGetnotificationbyid","{}",""
"addNotification_71_1","NotificationService","createNotification","qAddnotification","{}",""
"updateContact_71_2","ContactService","updateContact","qUpdatecontact","{}",""
"updatesystem_71_4","SystemService","updateSystem","qUpdatesystem","{}",""
"updatesystem_71_5","SystemService","updateSystem","qUpdatesystem","{}",""
"checkformaint_71_6","CheckformaintService","listCheckformaint","qCheckformaint","{}",""
"Insert_71_8","ErtService","createErt","qInsert","{}",""
"audprojects_ins_67_1","AudprojectsService","listAudprojects_Ins","qAudprojectsins","{}",""
"update_68_1","AteService","updateAte","qUpdate","{}",""
"update_68_2","AteService","updateAte","qUpdate","{}",""
"updateNotificationCompleted","NotificationcompletedService","updateNotificationcompleted","qUpdatenotificationcompleted","{}",""
"updateContactUnique","ContactuniqueService","updateContactunique","qUpdatecontactunique","{}",""
"addNotification","NotificationService","createNotification","qAddnotification","{}",""
"getNotificationsBySystem","NotificationsbysystemService","getNotificationsbysystem","qGetnotificationsbysystem","{}",""
"updateNotificationNext","NotificationnextService","updateNotificationnext","qUpdatenotificationnext","{}",""
"updateSystemUserCompleted","SystemusercompletedService","updateSystemusercompleted","qUpdatesystemusercompleted","{}",""
"addNotifications","NotificationsService","createNotifications","qAddnotifications","{}",""
"findSystemByScope","SystembyscopeService","findSystembyscope","qFindsystembyscope","{}",""
"duration","DurationService","listDuration","qDuration","{}",""
"update_618_1","AteService","updateAte","qUpdate","{}",""
"inserts_619_2","InsertsService","createS","qInserts","{}",""
"updateActionUsersByExcludeAction","ActionusersbyexcludeactionService","updateActionusersbyexcludeaction","qUpdateactionusersbyexcludeaction","{}",""
"Find_114_1","FindService","listFind","qFind","{}",""
"update_114_2","AteService","updateAte","qUpdate","{}",""
"update_114_3","AteService","updateAte","qUpdate","{}",""
"update_113_1","AteService","updateAte","qUpdate","{}",""
"export_ac_31_6","ExportService","listExport_Ac","qExportac","{}",""
"AddExport_115_1","ExportService","createExport","qAddexport","{}",""
"x_115_2","XService","listX","qX","{}",""
"find_new_Website_115_3","FindnewwebsiteService","find_New_Website","qFindnewwebsite","{}",""
"find_new_BusinessEmail_115_4","FindnewbusinessemailService","find_New_Businessemail","qFindnewbusinessemail","{}",""
"find_new_PersonalEmail_115_5","FindnewpersonalemailService","find_New_Personalemail","qFindnewpersonalemail","{}",""
"find_new_Company_115_6","FindnewcompanyService","find_New_Company","qFindnewcompany","{}",""
"find_new_WorkPhone_115_7","FindnewworkphoneService","find_New_Workphone","qFindnewworkphone","{}",""
"find_new_mobilePhone_115_8","FindnewmobilephoneService","find_New_Mobilephone","qFindnewmobilephone","{}",""
"find_new_homePhone_115_9","FindnewhomephoneService","find_New_Homephone","qFindnewhomephone","{}",""
"find_new_address_115_10","FindnewaddressService","find_New_Address","qFindnewaddress","{}",""
"find_new_address_other_115_11","FindnewaddressotherService","find_New_Address_Other","qFindnewaddressother","{}",""
"find_new_tag_115_12","FindnewtagService","find_New_Tag","qFindnewtag","{}",""
"insert_115_13","ErtService","createErt","qInsert","{}",""
"updateExport_115_14","ExportService","updateExport","qUpdateexport","{}",""
"export_ac_115_15","ExportService","listExport_Ac","qExportac","{}",""
"fetch_folowup","FetchfolowupService","get_Folowup","qFetchfolowup","{}",""
"results_125_1","ResultsService","listResults","qResults","{}",""
"getAuditionImportErrors","AuditionimporterrorsService","getAuditionimporterrors","qGetauditionimporterrors","{}",""
"queryFullNames_129_1","QueryfullnamesService","listQueryfullnames","qQueryfullnames","{}",""
"itemDetails_130_1","ItemdetailsService","listItemdetails","qItemdetails","{}",""
"getRecord_132_1","RecordService","getRecord","qGetrecord","{}",""
"getCategories_132_2","CategoriesService","getCategories","qGetcategories","{}",""
"getSources_132_3","SourcesService","getSources","qGetsources","{}",""
"updateUserToken_133_1","UsertokenService","updateUsertoken","qUpdateusertoken","{}",""
"FindRefPage_135_1","RefpageService","findRefpage","qFindrefpage","{}",""
"FindRefcontacts_135_2","RefcontactsService","findRefcontacts","qFindrefcontacts","{}",""
"FindRefPage_136_1","RefpageService","findRefpage","qFindrefpage","{}",""
"results_142_1","ResultsService","listResults","qResults","{}",""
"upload_details_141_1","UploadService","getUploadDetails","qUploaddetails","{}",""
"results_141_2","ResultsService","listResults","qResults","{}",""
"getAuditionUploadDetails","AuditionuploaddetailsService","getAuditionuploaddetails","qGetauditionuploaddetails","{}",""
"getAuditionImportResults","AuditionimportresultsService","getAuditionimportresults","qGetauditionimportresults","{}",""
"auditions_import","AuditionsService","listAuditions_Import","qAuditionsimport","{}",""
"findid_146_1","IdService","findId","qFindid","{}",""
"Insert_ReportItems_146_2","InsertreportitemsService","create_Reportitems","qInsertreportitems","{}",""
"update_145_1","AteService","updateAte","qUpdate","{}",""
"find_150_1","FindService","listFind","qFind","{}",""
"deletelink_150_2","LinkService","deleteLink","qDeletelink","{}",""
"add_149_1","AddService","listAdd","qAdd","{}",""
"headshots_sel_479_1","HeadshotsService","listHeadshots","qHeadshotssel","{}",""
"audition","AuditionService","listAudition","qAudition","{}",""
"headshots_377_2","HeadshotsService","listHeadshots","qHeadshots","{}",""
"update_151_1","AteService","updateAte","qUpdate","{}",""
"linkmedia_152_1","LinkmediaService","listLinkmedia","qLinkmedia","{}",""
"fin_recordname_157_1","FinService","listFin_Recordname","qFinrecordname","{}",""
"find_fu_157_2","FindfuService","find_Fu","qFindfu","{}",""
"addSystem_157_3","SystemService","createSystem","qAddsystem","{}",""
"CompleteTargetSystems_157_4","CompletetargetsystemsService","listCompletetargetsystems","qCompletetargetsystems","{}",""
"sudetails_157_5","SudetailsService","listSudetails","qSudetails","{}",""
"Insert_157_6","ErtService","createErt","qInsert","{}",""
"addDaysNo_157_7","DaysnoService","createDaysno","qAdddaysno","{}",""
"addNotification_157_9","NotificationService","createNotification","qAddnotification","{}",""
"addNotification_157_10","NotificationService","createNotification","qAddnotification","{}",""
"essence_sel_470_1","EssenceService","listEssence","qEssencesel","{}",""
"headshots_sel_478_1","HeadshotsService","listHeadshots","qHeadshotssel","{}",""
"sitetypes_535_1","SitetypesService","listSitetypes","qSitetypes","{}",""
"mylinks_159_1","MylinksService","listMylinks","qMylinks","{}",""
"mylinks_user_164_2","MylinksService","listByMylinks","qMylinksuser","{}",""
"mylinks_user_del_164_3","MylinksService","listMylinks_User_Del","qMylinksuserdel","{}",""
"master_164_4","MasterService","listMaster","qMaster","{}",""
"materials_sel","MaterialsService","listMaterials","qMaterialssel","{}",""
"events_166_1","EventsService","listEvents","qEvents","{}",""
"getMyTeam","MyteamService","getMyteam","qGetmyteam","{}",""
"InsertNote_169_1","NoteService","createNote","qInsertnote","{}",""
"CLEAN_169_2","CleanService","listClean","qCLEAN","{}",""
"InsertNote_171_1","NoteService","createNote","qInsertnote","{}",""
"InsertNote_173_1","NoteService","createNote","qInsertnote","{}",""
"updatenote_175_1","NoteService","updateNote","qUpdatenote","{}",""
"updatenote_177_1","NoteService","updateNote","qUpdatenote","{}",""
"updatenote_179_1","NoteService","updateNote","qUpdatenote","{}",""
"notesEvent_180_1","NoteseventService","listNotesevent","qNotesevent","{}",""
"links_181_1","LinksService","listLinks","qLinks","{}",""
"attachments_181_2","AttachmentsService","listAttachments","qAttachments","{}",""
"getLinksByNoteId","LinksbynoteidService","getLinksbynoteid","qGetlinksbynoteid","{}",""
"links_183_1","LinksService","listLinks","qLinks","{}",""
"notes_186_1","NotesService","listNotes","qNotes","{}",""
"Finddetails_185_1","DetailsService","findDetails","qFinddetails","{}",""
"FindResults_185_2","ResultsService","findResults","qFindresults","{}",""
"FindKey_185_3","KeyService","findKey","qFindkey","{}",""
"find_185_4","FindService","listFind","qFind","{}",""
"sql1_185_5","SqlService","listSql1","qSql1","{}",""
"sq2_185_6","SqService","listSq2","qSq2","{}",""
"FindUser_188_1","UserService","findUser","qFinduser","{}",""
"InsertContact_188_2","ContactService","createContact","qInsertcontact","{}",""
"InsertContact_188_3","ContactService","createContact","qInsertcontact","{}",""
"InsertContact_188_4","ContactService","createContact","qInsertcontact","{}",""
"FindUser_188_5","UserService","findUser","qFinduser","{}",""
"FindPage_188_6","PageService","findPage","qFindpage","{}",""
"FindFields_188_7","FieldsService","findFields","qFindfields","{}",""
"FindLinksT_188_8","LinkstService","findLinkst","qFindlinkst","{}",""
"FindLinksB_188_9","LinksbService","findLinksb","qFindlinksb","{}",""
"FindLinksExtra_188_10","LinksextraService","findLinksextra","qFindlinksextra","{}",""
"update_187_1","AteService","updateAte","qUpdate","{}",""
"update_187_2","AteService","updateAte","qUpdate","{}",""
"subsites_189_1","SubsitesService","listSubsites","qSubsites","{}",""
"pupdate_191_5","PupdateService","listPupdate","qPupdate","{}",""
"z_191_6","ZService","listZ","qZ","{}",""
"update_191_7","AteService","updateAte","qUpdate","{}",""
"delete_191_8","EteService","deleteEte","qDelete","{}",""
"fix_191_9","FixService","listFix","qFix","{}",""
"correct_191_10","CorrectService","listCorrect","qCorrect","{}",""
"remove_191_11","RemoveService","listRemove","qRemove","{}",""
"remove2_191_12","RemoveService","listRemove2","qRemove2","{}",""
"actiondetails_194_1","ActiondetailsService","listActiondetails","qActiondetails","{}",""
"updateActionUsersByActionUpdate","ActionusersbyactionupdateService","updateActionusersbyactionupdate","qUpdateactionusersbyactionupdate","{}",""
"k_195_2","KService","listK","qK","{}",""
"up_195_3","UpService","listUp","qUp","{}",""
"getCategories_196_1","CategoriesService","getCategories","qGetcategories","{}",""
"find_197_1","FindService","listFind","qFind","{}",""
"update_197_2","AteService","updateAte","qUpdate","{}",""
"add_197_3","AddService","listAdd","qAdd","{}",""
"details_198_1","DetailsService","listDetails","qDetails","{}",""
"types_198_2","TypesService","listTypes","qTypes","{}",""
"types_198_3","TypesService","listTypes","qTypes","{}",""
"companies_198_4","CompaniesService","listCompanies","qCompanies","{}",""
"insert_199_1","ErtService","createErt","qInsert","{}",""
"insertx_199_2","InsertxService","createX","qInsertx","{}",""
"add_199_3","AddService","listAdd","qAdd","{}",""
"findcountry_199_4","CountryService","findCountry","qFindcountry","{}",""
"findregion_199_5","RegionService","findRegion","qFindregion","{}",""
"update_199_6","AteService","updateAte","qUpdate","{}",""
"add_201_1","AddService","listAdd","qAdd","{}",""
"insert_201_2","ErtService","createErt","qInsert","{}",""
"insert_201_3","ErtService","createErt","qInsert","{}",""
"insert_201_4","ErtService","createErt","qInsert","{}",""
"insert_201_5","ErtService","createErt","qInsert","{}",""
"tags_200_1","TagsService","listTags","qTags","{}",""
"events_203_1","EventsService","listEvents","qEvents","{}",""
"tags_203_2","TagsService","listTags","qTags","{}",""
"companies_203_3","CompaniesService","listCompanies","qCompanies","{}",""
"add_202_1","AddService","listAdd","qAdd","{}",""
"insert_202_2","ErtService","createErt","qInsert","{}",""
"insert_202_3","ErtService","createErt","qInsert","{}",""
"insert_202_5","ErtService","createErt","qInsert","{}",""
"insert_202_6","ErtService","createErt","qInsert","{}",""
"add_cd_202_7","AddcdService","create_Cd","qAddcd","{}",""
"findnumber_202_8","NumberService","findNumber","qFindnumber","{}",""
"inserts_202_9","InsertsService","createS","qInserts","{}",""
"add_sitetype_205_1","AddsitetypeService","create_Sitetype","qAddsitetype","{}",""
"audmedia_ins","AudmediaService","listAudmedia_Ins","qAudmediains","{}",""
"pronouns_210_1","PronounsService","listPronouns","qPronouns","{}",""
"refers_210_2","RefersService","listRefers","qRefers","{}",""
"add_211_1","AddService","listAdd","qAdd","{}",""
"details_212_1","DetailsService","listDetails","qDetails","{}",""
"users_212_2","UsersService","listUsers","qUsers","{}",""
"find_212_3","FindService","listFind","qFind","{}",""
"Insert_213_1","ErtService","createErt","qInsert","{}",""
"update_213_2","AteService","updateAte","qUpdate","{}",""
"updateticket_213_3","TicketService","updateTicket","qUpdateticket","{}",""
"updateticket_213_4","TicketService","updateTicket","qUpdateticket","{}",""
"x_214_1","XService","listX","qX","{}",""
"audanswers_ins_215_1","AudanswersService","listAudanswers_Ins","qAudanswersins","{}",""
"aud_details_217_1","AudService","getAudDetails","qAuddetails","{}",""
"audlocations_sel","AudlocationsService","listAudlocations","qAudlocationssel","{}",""
"audtypes_sel_217_2","AudtypesService","listAudtypes","qAudtypessel","{}",""
"audsteps_sel_217_3","AudstepsService","listAudsteps","qAudstepssel","{}",""
"audlocations_ins_218_1","AudlocationsService","listAudlocations_Ins","qAudlocationsins","{}",""
"findproject_218_2","ProjectService","findProject","qFindproject","{}",""
"projectDetails_221_1","ProjectdetailsService","listProjectdetails","qProjectdetails","{}",""
"roleDetails_221_2","RoledetailsService","listRoledetails","qRoledetails","{}",""
"locationDetails_492_1","LocationdetailsService","listLocationdetails","qLocationdetails","{}",""
"cat_221_3","CatService","listCat","qCat","{}",""
"cat_221_4","CatService","listCat","qCat","{}",""
"audtypes_sel_221_6","AudtypesService","listAudtypes","qAudtypessel","{}",""
"casting_types_221_7","CastingService","listCasting_Types","qCastingtypes","{}",""
"auditions_ins_221_8","AuditionsService","listAuditions_Ins","qAuditionsins","{}",""
"aud_det_221_9","AudService","listAud_Det","qAuddet","{}",""
"audtypes_sel_221_11","AudtypesService","listAudtypes","qAudtypessel","{}",""
"findd_221_10","FinddService","findD","qFindd","{}",""
"audcallbacktypes_sel","AudcallbacktypesService","listAudcallbacktypes","qAudcallbacktypessel","{}",""
"audbooktypes_sel_221_13","AudbooktypesService","listAudbooktypes","qAudbooktypessel","{}",""
"FIND_222_1","FindService","listFind","qFIND","{}",""
"auditions_upd","AuditionsService","listAuditions_Upd","qAuditionsupd","{}",""
"activate_222_3","ActivateService","listActivate","qActivate","{}",""
"auditionDetails_222_5","AuditiondetailsService","listAuditiondetails","qAuditiondetails","{}",""
"projectDetails_222_6","ProjectdetailsService","listProjectdetails","qProjectdetails","{}",""
"FindEvent_222_4","EventService","findEvent","qFindevent","{}",""
"details_223_1","DetailsService","listDetails","qDetails","{}",""
"uu_223_2","UuService","listUu","qUu","{}",""
"audmedia_details_225_1","AudmediaService","getAudmediaDetails","qAudmediadetails","{}",""
"audmedia_details_226_1","AudmediaService","getAudmediaDetails","qAudmediadetails","{}",""
"FindKey_228_1","KeyService","findKey","qFindkey","{}",""
"Findrec_228_2","RecService","findRec","qFindrec","{}",""
"del_230_1","DelService","listDel","qDel","{}",""
"del2_230_2","DelService","delete2","qDel2","{}",""
"details_229_1","DetailsService","listDetails","qDetails","{}",""
"projectDetails_232_1","ProjectdetailsService","listProjectdetails","qProjectdetails","{}",""
"roleDetails_232_2","RoledetailsService","listRoledetails","qRoledetails","{}",""
"events_232_3","EventsService","listEvents","qEvents","{}",""
"del_232_4","DelService","listDel","qDel","{}",""
"del2_232_5","DelService","delete2","qDel2","{}",""
"del3_232_6","DelService","delete3","qDel3","{}",""
"del4_232_7","DelService","delete4","qDel4","{}",""
"delete_233_1","EteService","deleteEte","qDelete","{}",""
"del_233_2","DelService","listDel","qDel","{}",""
"audmedia_headshots_delete","AudmediaService","listAudmedia_Headshots_Delete","qAudmediaheadshotsdelete","{}",""
"audlink_details_237_1","AudlinkService","getAudlinkDetails","qAudlinkdetails","{}",""
"audmedia_details_238_1","AudmediaService","getAudmediaDetails","qAudmediadetails","{}",""
"updates_239_1","UpdatesService","updateS","qUpdates","{}",""
"add_240_1","AddService","listAdd","qAdd","{}",""
"pgPanelsFix","PgpanelsfixService","listPgpanelsfix","qPgpanelsfix","{}",""
"find_242_1","FindService","listFind","qFind","{}",""
"add_242_2","AddService","listAdd","qAdd","{}",""
"selects_245_1","EctsService","findEcts","qSelects","{}",""
"selects_245_2","EctsService","findEcts","qSelects","{}",""
"find_246_1","FindService","listFind","qFind","{}",""
"find_249_1","FindService","listFind","qFind","{}",""
"add_sitetype_249_2","AddsitetypeService","create_Sitetype","qAddsitetype","{}",""
"findit_249_3","ItService","findIt","qFindit","{}",""
"Findtotal_249_4","TotalService","findTotal","qFindtotal","{}",""
"add_249_5","AddService","listAdd","qAdd","{}",""
"add_249_6","AddService","listAdd","qAdd","{}",""
"ins_253_1","InsService","listIns","qIns","{}",""
"ins_252_2","InsService","listIns","qIns","{}",""
"ins_252_1","InsService","listIns","qIns","{}",""
"headshots_sel_unused","HeadshotsService","listHeadshots_Sel_Unused","qHeadshotsselunused","{}",""
"materials_sel_unused","MaterialsService","listMaterials_Sel_Unused","qMaterialsselunused","{}",""
"activeversions","ActiveversionsService","listActiveversions","qActiveversions","{}",""
"results_331_1","ResultsService","listResults","qResults","{}",""
"inserttlog","TlogService","createTlog","qInserttlog","{}",""
"ranges_332_1","RangesService","listRanges","qRanges","{}",""
"details_259_1","DetailsService","listDetails","qDetails","{}",""
"findsubs_259_3","SubsService","findSubs","qFindsubs","{}",""
"types_333_2","TypesService","listTypes","qTypes","{}",""
"relationships_334_1","RelationshipsService","listRelationships","qRelationships","{}",""
"types_334_2","TypesService","listTypes","qTypes","{}",""
"contacts_334_4","ContactsService","listContacts","qContacts","{}",""
"attendees_334_5","AttendeesService","listAttendees","qAttendees","{}",""
"relationships_335_1","RelationshipsService","listRelationships","qRelationships","{}",""
"types_335_2","TypesService","listTypes","qTypes","{}",""
"eventdetails_335_3","EventdetailsService","listEventdetails","qEventdetails","{}",""
"findd_335_4","FinddService","findD","qFindd","{}",""
"contacts_335_5","ContactsService","listContacts","qContacts","{}",""
"update_260_2","AteService","updateAte","qUpdate","{}",""
"details_261_1","DetailsService","listDetails","qDetails","{}",""
"findcountry_261_2","CountryService","findCountry","qFindcountry","{}",""
"findregion_261_3","RegionService","findRegion","qFindregion","{}",""
"types","TypesService","listTypes","qTypes","{}",""
"relationships_336_1","RelationshipsService","listRelationships","qRelationships","{}",""
"types_336_2","TypesService","listTypes","qTypes","{}",""
"eventdetails_336_3","EventdetailsService","listEventdetails","qEventdetails","{}",""
"contacts_336_4","ContactsService","listContacts","qContacts","{}",""
"insert_262_1","ErtService","createErt","qInsert","{}",""
"insertx_262_2","InsertxService","createX","qInsertx","{}",""
"findregion_262_4","RegionService","findRegion","qFindregion","{}",""
"update_262_5","AteService","updateAte","qUpdate","{}",""
"update2_262_6","UpdateService","update2","qUpdate2","{}",""
"details_263_1","DetailsService","listDetails","qDetails","{}",""
"update_264_1","AteService","updateAte","qUpdate","{}",""
"FindModalTitle_265_1","ModaltitleService","findModaltitle","qFindmodaltitle","{}",""
"find_265_2","FindService","listFind","qFind","{}",""
"FindValue_265_3","ValueService","findValue","qFindvalue","{}",""
"FindValue_265_4","ValueService","findValue","qFindvalue","{}",""
"selects_265_5","EctsService","findEcts","qSelects","{}",""
"FindValue_265_6","ValueService","findValue","qFindvalue","{}",""
"selects_265_7","EctsService","findEcts","qSelects","{}",""
"FindValue_265_8","ValueService","findValue","qFindvalue","{}",""
"selects_265_9","EctsService","findEcts","qSelects","{}",""
"FindValue_265_10","ValueService","findValue","qFindvalue","{}",""
"selects_265_11","EctsService","findEcts","qSelects","{}",""
"FindOld_266_1","OldService","findOld","qFindold","{}",""
"update_266_2","AteService","updateAte","qUpdate","{}",""
"INSERT_266_3","ErtService","createErt","qINSERT","{}",""
"Finddetails_266_4","DetailsService","findDetails","qFinddetails","{}",""
"materials_details","MaterialsService","getMaterialsDetails","qMaterialsdetails","{}",""
"audmedia_upd","AudmediaService","listAudmedia_Upd","qAudmediaupd","{}",""
"updatecontact_270_1","ContactService","updateContact","qUpdatecontact","{}",""
"find_270_2","FindService","listFind","qFind","{}",""
"add_270_3","AddService","listAdd","qAdd","{}",""
"details_269_3","DetailsService","listDetails","qDetails","{}",""
"audageranges_audtion_xref_ins_337_1","AudagerangesService","listAudageranges_Audtion_Xref_Ins","qAudagerangesaudtionxrefins","{}",""
"reldetails_271_1","ReldetailsService","listReldetails","qReldetails","{}",""
"findt_272_2","FindtService","findT","qFindt","{}",""
"audageranges_audtion_xref_ins_338_1","AudagerangesService","listAudageranges_Audtion_Xref_Ins","qAudagerangesaudtionxrefins","{}",""
"audageranges_ins_339_1","AudagerangesService","listAudageranges_Ins","qAudagerangesins","{}",""
"qry_block_1_2","QryService","listQry_Block","qQryblock","{}",""
"details_274_1","DetailsService","listDetails","qDetails","{}",""
"uu_274_2","UuService","listUu","qUu","{}",""
"pages_274_3","PagesService","listPages","qPages","{}",""
"users_274_4","UsersService","listUsers","qUsers","{}",""
"statuses_274_5","StatusesService","listStatuses","qStatuses","{}",""
"types_256_2","TypesService","listTypes","qTypes","{}",""
"priorities_274_7","PrioritiesService","listPriorities","qPriorities","{}",""
"vers_274_8","VersService","listVers","qVers","{}",""
"update_275_1","AteService","updateAte","qUpdate","{}",""
"details_275_2","DetailsService","listDetails","qDetails","{}",""
"select_query","EctService","findEct_Query","qSelectquery","{}",""
"auditionprojectDetails","AuditionprojectdetailsService","listAuditionprojectdetails","qAuditionprojectdetails","{}",""
"audtones_user_sel","AudtonesService","listAudtones_User","qAudtonesusersel","{}",""
"insert_277_1","ErtService","createErt","qInsert","{}",""
"insert_277_2","ErtService","createErt","qInsert","{}",""
"find_new_277_3","FindnewService","find_New","qFindnew","{}",""
"audcontacts_auditions_xref_ins","AudcontactsService","listAudcontacts_Auditions_Xref_Ins","qAudcontactsauditionsxrefins","{}",""
"del_277_4","DelService","listDel","qDel","{}",""
"audprojects_upd","AudprojectsService","listAudprojects_Upd","qAudprojectsupd","{}",""
"audanswers_ins_342_1","AudanswersService","listAudanswers_Ins","qAudanswersins","{}",""
"findit_278_1","ItService","findIt","qFindit","{}",""
"audageranges_ins_341_1","AudagerangesService","listAudageranges_Ins","qAudagerangesins","{}",""
"x_280_1","XService","listX","qX","{}",""
"update2_280_2","UpdateService","update2","qUpdate2","{}",""
"update2_280_3","UpdateService","update2","qUpdate2","{}",""
"audanswers_ins_343_1","AudanswersService","listAudanswers_Ins","qAudanswersins","{}",""
"audcallbacktypes_sel_344_1","AudcallbacktypesService","listAudcallbacktypes","qAudcallbacktypessel","{}",""
"audcallbacktypes_sel_def_344_2","AudcallbacktypesService","listAudcallbacktypes_Sel_Def","qAudcallbacktypesseldef","{}",""
"dataset_x_281_4","DatasetService","listDataset_X","qDatasetx","{}",""
"reportitems_x_281_3","ReportitemsService","listReportitems_X","qReportitemsx","{}",""
"labels_x_281_5","LabelsService","listLabels_X","qLabelsx","{}",""
"values_x_281_6","ValuesService","listValues_X","qValuesx","{}",""
"delete_all_282_1","DeleteallService","delete_All","qDeleteall","{}",""
"rangeselected_282_2","RangeselectedService","listRangeselected","qRangeselected","{}",""
"reportRefresh","ReportrefreshService","listReportrefresh","qReportrefresh","{}",""
"removenotdups","RemovenotdupsService","listRemovenotdups","qRemovenotdups","{}",""
"restoreActionUsers","RestoreactionusersService","listRestoreactionusers","qRestoreactionusers","{}",""
"audcategories_ins_345_1","AudcategoriesService","listAudcategories_Ins","qAudcategoriesins","{}",""
"FindDetails_284_1","DetailsService","findDetails","qFinddetails","{}",""
"update_285_1","AteService","updateAte","qUpdate","{}",""
"audroletypes_sel","AudroletypesService","listAudroletypes","qAudroletypessel","{}",""
"auddialects_user_sel_358_1","AuddialectsService","listAuddialects_User","qAuddialectsusersel","{}",""
"audsources_sel_499_2","AudsourcesService","listAudsources","qAudsourcessel","{}",""
"opencalls_286_1","OpencallsService","listOpencalls","qOpencalls","{}",""
"findc_286_2","FindcService","findC","qFindc","{}",""
"referrals_286_3","ReferralsService","listReferrals","qReferrals","{}",""
"findc_286_4","FindcService","findC","qFindc","{}",""
"subsites_286_5","SubsitesService","listSubsites","qSubsites","{}",""
"ranges_286_6","RangesService","listRanges","qRanges","{}",""
"findt_286_7","FindtService","findT","qFindt","{}",""
"vocals_286_8","VocalsService","listVocals","qVocals","{}",""
"findt_286_9","FindtService","findT","qFindt","{}",""
"essences_286_10","EssencesService","listEssences","qEssences","{}",""
"findg_286_11","FindgService","findG","qFindg","{}",""
"findit_286_12","ItService","findIt","qFindit","{}",""
"genres_286_13","GenresService","listGenres","qGenres","{}",""
"findge_286_14","GeService","findGe","qFindge","{}",""
"delete_287_1","EteService","deleteEte","qDelete","{}",""
"delete_287_2","EteService","deleteEte","qDelete","{}",""
"delete_287_3","EteService","deleteEte","qDelete","{}",""
"delete_287_4","EteService","deleteEte","qDelete","{}",""
"delete_287_5","EteService","deleteEte","qDelete","{}",""
"findit2_287_6","ItService","findIt2","qFindit2","{}",""
"insert_287_7","ErtService","createErt","qInsert","{}",""
"findit_287_8","ItService","findIt","qFindit","{}",""
"insert_287_9","ErtService","createErt","qInsert","{}",""
"insert_287_10","ErtService","createErt","qInsert","{}",""
"findit_287_11","ItService","findIt","qFindit","{}",""
"insert_287_12","ErtService","createErt","qInsert","{}",""
"insert_287_13","ErtService","createErt","qInsert","{}",""
"insert_287_14","ErtService","createErt","qInsert","{}",""
"delete_287_15","EteService","deleteEte","qDelete","{}",""
"insert_287_16","ErtService","createErt","qInsert","{}",""
"insert_287_18","ErtService","createErt","qInsert","{}",""
"findg_287_19","FindgService","findG","qFindg","{}",""
"add_287_20","AddService","listAdd","qAdd","{}",""
"find_subsite_287_21","FindsubsiteService","find_Subsite","qFindsubsite","{}",""
"update_287_22","AteService","updateAte","qUpdate","{}",""
"add_287_23","AddService","listAdd","qAdd","{}",""
"insert_287_24","ErtService","createErt","qInsert","{}",""
"audroles_upd_287_25","AudrolesService","listAudroles_Upd","qAudrolesupd","{}",""
"RPG_288_1","RpgService","listRpg","qRPG","{}",""
"RPGFields_288_2","RpgfieldsService","listRpgfields","qRpgfields","{}",""
"RPGResults_288_3","RpgresultsService","listRpgresults","qRpgresults","{}",""
"RPGkey_288_4","RpgkeyService","listRpgkey","qRpgkey","{}",""
"RPGAdd_288_5","RpgaddService","listRpgadd","qRpgadd","{}",""
"RPGUpdate_288_6","RpgupdateService","listRpgupdate","qRpgupdate","{}",""
"audcategories_ins_347_1","AudcategoriesService","listAudcategories_Ins","qAudcategoriesins","{}",""
"getContactsbyAudProject","ContactsbyaudprojectService","getContactsbyaudproject","qGetcontactsbyaudproject","{}",""
"x_291_1","XService","listX","qX","{}",""
"audcontacts_auditions_xref_ins_350_1","AudcontactsService","listAudcontacts_Auditions_Xref_Ins","qAudcontactsauditionsxrefins","{}",""
"y_292_1","YService","listY","qY","{}",""
"allfields_536_2","AllfieldsService","listAllfields","qAllfields","{}",""
"x_292_3","XService","listX","qX","{}",""
"findp_292_4","FindpService","findP","qFindp","{}",""
"find_292_5","FindService","listFind","qFind","{}",""
"mysystems_295_1","MysystemsService","listMysystems","qMysystems","{}",""
"action_user_295_2","ActionService","listByAction","qActionuser","{}",""
"action_user_del_295_3","ActionService","listAction_User_Del","qActionuserdel","{}",""
"FindSystem_294_6","SystemService","findSystem","qFindsystem","{}",""
"FindSystemOld_294_7","SystemoldService","findSystemold","qFindsystemold","{}",""
"InsertNote_294_8","NoteService","createNote","qInsertnote","{}",""
"audcontacts_auditions_xref_ins_351_1","AudcontactsService","listAudcontacts_Auditions_Xref_Ins","qAudcontactsauditionsxrefins","{}",""
"audcontracttypes_ins_352_1","AudcontracttypesService","listAudcontracttypes_Ins","qAudcontracttypesins","{}",""
"delete_298_1","EteService","deleteEte","qDelete","{}",""
"find_298_2","FindService","listFind","qFind","{}",""
"insert_tag_298_3","InserttagService","create_Tag","qInserttag","{}",""
"insert_298_5","ErtService","createErt","qInsert","{}",""
"y_298_6","YService","listY","qY","{}",""
"find_orphan_298_7","FindorphanService","find_Orphan","qFindorphan","{}",""
"d_298_8","DService","listD","qD","{}",""
"select_cat_query","EctService","findEct_Cat_Query","qSelectcatquery","{}",""
"audcontracttypes_ins_354_1","AudcontracttypesService","listAudcontracttypes_Ins","qAudcontracttypesins","{}",""
"auddialects_ins_355_1","AuddialectsService","listAuddialects_Ins","qAuddialectsins","{}",""
"thrivecart_results","ThrivecartService","listThrivecart_Results","qThrivecartresults","{}",""
"update_299_2","AteService","updateAte","qUpdate","{}",""
"update_302_1","AteService","updateAte","qUpdate","{}",""
"auddialects_ins_357_1","AuddialectsService","listAuddialects_Ins","qAuddialectsins","{}",""
"find_300_1","FindService","listFind","qFind","{}",""
"update_300_2","AteService","updateAte","qUpdate","{}",""
"details_303_3","DetailsService","listDetails","qDetails","{}",""
"find_303_1","FindService","listFind","qFind","{}",""
"update_303_2","AteService","updateAte","qUpdate","{}",""
"BatchDetails_304_1","BatchdetailsService","listBatchdetails","qBatchdetails","{}",""
"FindScope_304_2","ScopeService","findScope","qFindscope","{}",""
"FindSystem_304_3","SystemService","findSystem","qFindsystem","{}",""
"FindActive_304_4","ActiveService","findActive","qFindactive","{}",""
"findsame_304_5","SameService","findSame","qFindsame","{}",""
"delete_304_6","EteService","deleteEte","qDelete","{}",""
"findsame_305_2","SameService","findSame","qFindsame","{}",""
"insert_305_3","ErtService","createErt","qInsert","{}",""
"insert_305_4","ErtService","createErt","qInsert","{}",""
"audgenres_audition_xref_359_1","AudgenresService","listAudgenres_Audition_Xref","qAudgenresauditionxref","{}",""
"toasts_306_1","ToastsService","listToasts","qToasts","{}",""
"toastmenu_306_2","ToastmenuService","listToastmenu","qToastmenu","{}",""
"audgenres_audition_xref_ins_360_1","AudgenresService","listAudgenres_Audition_Xref_Ins","qAudgenresauditionxrefins","{}",""
"y_308_1","YService","listY","qY","{}",""
"find_308_2","FindService","listFind","qFind","{}",""
"err_308_3","ErrService","listErr","qErr","{}",""
"err_308_4","ErrService","listErr","qErr","{}",""
"err_308_5","ErrService","listErr","qErr","{}",""
"findcat_308_6","CatService","findCat","qFindcat","{}",""
"err_308_7","ErrService","listErr","qErr","{}",""
"findsource_308_8","SourceService","findSource","qFindsource","{}",""
"err_308_9","ErrService","listErr","qErr","{}",""
"update_308_10","AteService","updateAte","qUpdate","{}",""
"x_308_11","XService","listX","qX","{}",""
"x_308_12","XService","listX","qX","{}",""
"findcd_308_13","CdService","findCd","qFindcd","{}",""
"INScontactDetails","ContactdetailsService","createContactdetails","qInscontactdetails","{}",""
"find_subcat_308_16","FindsubcatService","find_Subcat","qFindsubcat","{}",""
"find_cat_308_17","FindcatService","find_Cat","qFindcat","{}",""
"find_subcat_308_18","FindsubcatService","find_Subcat","qFindsubcat","{}",""
"audprojects_ins_308_19","AudprojectsService","listAudprojects_Ins","qAudprojectsins","{}",""
"find_source_308_20","FindsourceService","find_Source","qFindsource","{}",""
"audroles_ins_308_21","AudrolesService","listAudroles_Ins","qAudrolesins","{}",""
"InsertNote_308_22","NoteService","createNote","qInsertnote","{}",""
"update_contact_308_23","UpdatecontactService","update_Contact","qUpdatecontact","{}",""
"linkdetails_309_1","LinkdetailsService","listLinkdetails","qLinkdetails","{}",""
"find_events_309_2","FindeventsService","find_Events","qFindevents","{}",""
"audgenres_audition_xref_ins_361_1","AudgenresService","listAudgenres_Audition_Xref_Ins","qAudgenresauditionxrefins","{}",""
"update_310_1","AteService","updateAte","qUpdate","{}",""
"audgenres_ins_362_1","AudgenresService","listAudgenres_Ins","qAudgenresins","{}",""
"FindOld_311_1","OldService","findOld","qFindold","{}",""
"update_311_2","AteService","updateAte","qUpdate","{}",""
"update_312_1","AteService","updateAte","qUpdate","{}",""
"details_312_2","DetailsService","listDetails","qDetails","{}",""
"old_312_3","OldService","listOld","qOld","{}",""
"new_312_4","NewService","listNew","qNew","{}",""
"update_cal","UpdatecalService","update_Cal","qUpdatecal","{}",""
"audgenres_update","AudgenresService","listAudgenres_Update","qAudgenresupdate","{}",""
"find_313_1","FindService","listFind","qFind","{}",""
"update_record_313_2","UpdaterecordService","update_Record","qUpdaterecord","{}",""
"select_cat_user_query","EctService","findEct_Cat_User_Query","qSelectcatuserquery","{}",""
"query_0_314_1","QueryService","listQuery","qQuery","{}",""
"findtype_365_1","TypeService","findType","qFindtype","{}",""
"findloc_365_2","LocService","findLoc","qFindloc","{}",""
"add_365_3","AddService","listAdd","qAdd","{}",""
"t_365_4","TService","listT","qT","{}",""
"tt_365_5","TtService","listTt","qTt","{}",""
"dd_365_6","DdService","listDd","qDd","{}",""
"inserts_365_7","InsertsService","createS","qInserts","{}",""
"INScontactdetails","ContactdetailsService","createContactdetails","qInscontactdetails","{}",""
"insert_367_2","ErtService","createErt","qInsert","{}",""
"insert_367_3","ErtService","createErt","qInsert","{}",""
"add_367_4","AddService","listAdd","qAdd","{}",""
"insert_367_5","ErtService","createErt","qInsert","{}",""
"insert_367_6","ErtService","createErt","qInsert","{}",""
"update_367_7","AteService","updateAte","qUpdate","{}",""
"submitsitefix_368_1","SubmitsitefixService","listSubmitsitefix","qSubmitsitefix","{}",""
"projectDetails_368_2","ProjectdetailsService","listProjectdetails","qProjectdetails","{}",""
"roleDetails_368_3","RoledetailsService","listRoledetails","qRoledetails","{}",""
"delete_ref_368_4","DeleterefService","delete_Ref","qDeleteref","{}",""
"events_368_5","EventsService","listEvents","qEvents","{}",""
"events_nobooking_368_6","EventsService","listEvents_Nobooking","qEventsnobooking","{}",""
"delete_368_7","EteService","deleteEte","qDelete","{}",""
"delete2_368_8","DeleteService","delete2","qDelete2","{}",""
"add_aud_contact","AddaudcontactService","create_Aud_Contact","qAddaudcontact","{}",""
"getSystemIdBasedOnTag","SystemidbasedontagService","getSystemidbasedontag","qGetsystemidbasedontag","{}",""
"cdcheck_368_9","CdcheckService","listCdcheck","qCdcheck","{}",""
"add_cd_368_10","AddcdService","create_Cd","qAddcd","{}",""
"audageranges_audtion_xref_368_11","AudagerangesService","listAudageranges_Audtion_Xref","qAudagerangesaudtionxref","{}",""
"INSERT_315_1","ErtService","createErt","qINSERT","{}",""
"find_315_2","FindService","listFind","qFind","{}",""
"getContactsImportByUploadID","ContactsimportbyuploadidService","getContactsimportbyuploadid","qGetcontactsimportbyuploadid","{}",""
"add_315_6","AddService","listAdd","qAdd","{}",""
"find_note_315_7","FindnoteService","find_Note","qFindnote","{}",""
"InsertNote_315_8","NoteService","createNote","qInsertnote","{}",""
"tag_315_10","TagService","listTag","qTag","{}",""
"tag_insert_315_11","TagService","listTag_Insert","qTaginsert","{}",""
"tag_315_12","TagService","listTag","qTag","{}",""
"tag_insert_315_13","TagService","listTag_Insert","qTaginsert","{}",""
"tag_315_14","TagService","listTag","qTag","{}",""
"tag_insert_315_15","TagService","listTag_Insert","qTaginsert","{}",""
"e_315_16","EService","listE","qE","{}",""
"e_insert_315_17","EinsertService","listE_Insert","qEinsert","{}",""
"f_315_18","FService","listF","qF","{}",""
"f_insert_315_19","FinsertService","listF_Insert","qFinsert","{}",""
"g_315_20","GService","listG","qG","{}",""
"g_insert_315_21","GinsertService","listG_Insert","qGinsert","{}",""
"h_315_22","HService","listH","qH","{}",""
"h_insert_315_23","HinsertService","listH_Insert","qHinsert","{}",""
"i_315_24","IService","listI","qI","{}",""
"i_insert_315_25","IinsertService","listI_Insert","qIinsert","{}",""
"j_315_26","JService","listJ","qJ","{}",""
"j_insert_315_27","JinsertService","listJ_Insert","qJinsert","{}",""
"u_315_28","UService","listU","qU","{}",""
"u_insert_315_29","UinsertService","listU_Insert","qUinsert","{}",""
"address_315_30","RessService","createRess","qAddress","{}",""
"address_insert_315_31","RessService","createRess_Insert","qAddressinsert","{}",""
"maints_315_32","MaintsService","listMaints","qMaints","{}",""
"findsystem_315_33","SystemService","findSystem","qFindsystem","{}",""
"addSystem_315_34","SystemService","createSystem","qAddsystem","{}",""
"addDaysNo_315_35","DaysnoService","createDaysno","qAdddaysno","{}",""
"checkUnique_315_36","CheckuniqueService","listCheckunique","qCheckunique","{}",""
"addNotification_315_37","NotificationService","createNotification","qAddnotification","{}",""
"addNotification_315_38","NotificationService","createNotification","qAddnotification","{}",""
"relationships_366_1","RelationshipsService","listRelationships","qRelationships","{}",""
"auditionDetails_369_1","AuditiondetailsService","listAuditiondetails","qAuditiondetails","{}",""
"find_317_1","FindService","listFind","qFind","{}",""
"users_318_1","UsersService","listUsers","qUsers","{}",""
"C_318_2","CService","listC","qC","{}",""
"m_318_3","MService","listM","qM","{}",""
"FIND_318_4","FindService","listFind","qFIND","{}",""
"insert_318_5","ErtService","createErt","qInsert","{}",""
"x_318_6","XService","listX","qX","{}",""
"find_318_7","FindService","listFind","qFind","{}",""
"insert_318_8","ErtService","createErt","qInsert","{}",""
"Findtotal_318_9","TotalService","findTotal","qFindtotal","{}",""
"add_318_10","AddService","listAdd","qAdd","{}",""
"x_318_12","XService","listX","qX","{}",""
"find_318_13","FindService","listFind","qFind","{}",""
"insert_318_14","ErtService","createErt","qInsert","{}",""
"x_318_15","XService","listX","qX","{}",""
"find_318_16","FindService","listFind","qFind","{}",""
"find2_318_17","FindService","find2","qFind2","{}",""
"insert_318_18","ErtService","createErt","qInsert","{}",""
"xs_318_19","XsService","listXs","qXs","{}",""
"find_318_20","FindService","listFind","qFind","{}",""
"insert_318_21","ErtService","createErt","qInsert","{}",""
"xs_318_22","XsService","listXs","qXs","{}",""
"getActionUsers","ActionusersService","getActionusers","qGetactionusers","{}",""
"insert_318_24","ErtService","createErt","qInsert","{}",""
"x_318_25","XService","listX","qX","{}",""
"find_318_26","FindService","listFind","qFind","{}",""
"insert_318_27","ErtService","createErt","qInsert","{}",""
"update_tags_318_28","UpdatetagsService","update_Tags","qUpdatetags","{}",""
"update_Iscasting_318_29","UpdateiscastingService","update_Iscasting","qUpdateiscasting","{}",""
"u_318_30","UService","listU","qU","{}",""
"x_318_31","XService","listX","qX","{}",""
"find_318_32","FindService","listFind","qFind","{}",""
"insert_318_33","ErtService","createErt","qInsert","{}",""
"x_318_34","XService","listX","qX","{}",""
"find_318_35","FindService","listFind","qFind","{}",""
"check_318_36","CheckService","listCheck","qCheck","{}",""
"insert_318_37","ErtService","createErt","qInsert","{}",""
"find_320_1","FindService","listFind","qFind","{}",""
"insert_320_2","ErtService","createErt","qInsert","{}",""
"auditionprojectDetails_370_1","AuditionprojectdetailsService","listAuditionprojectdetails","qAuditionprojectdetails","{}",""
"update_322_1","AteService","updateAte","qUpdate","{}",""
"vers_323_1","VersService","listVers","qVers","{}",""
"versions_323_2","VersionsService","listVersions","qVersions","{}",""
"ticketusers_323_3","TicketusersService","listTicketusers","qTicketusers","{}",""
"ticketme_323_4","TicketmeService","listTicketme","qTicketme","{}",""
"updateEventData","EventdataService","updateEventdata","qUpdateeventdata","{}",""
"coss_371_1","CossService","listCoss","qCoss","{}",""
"getAuditions","AuditionsService","getAuditions","qGetauditions","{}",""
"imports_372_1","ImportsService","listImports","qImports","{}",""
"auditions_ins_373_1","AuditionsService","listAuditions_Ins","qAuditionsins","{}",""
"update_373_2","AteService","updateAte","qUpdate","{}",""
"auditions_ins_374_1","AuditionsService","listAuditions_Ins","qAuditionsins","{}",""
"results_375_1","ResultsService","listResults","qResults","{}",""
"audlocations_sel_376_1","AudlocationsService","listAudlocations","qAudlocationssel","{}",""
"audmedia_377_1","AudmediaService","listAudmedia","qAudmedia","{}",""
"audmediatypes_ins_378_1","AudmediatypesService","listAudmediatypes_Ins","qAudmediatypesins","{}",""
"audmediatypes_ins_380_1","AudmediatypesService","listAudmediatypes_Ins","qAudmediatypesins","{}",""
"audmedia_audroles_xref_ins_381_1","AudmediaService","listAudmedia_Audroles_Xref_Ins","qAudmediaaudrolesxrefins","{}",""
"audmedia_audroles_xref_ins_382_1","AudmediaService","listAudmedia_Audroles_Xref_Ins","qAudmediaaudrolesxrefins","{}",""
"audmedia_ins_383_1","AudmediaService","listAudmedia_Ins","qAudmediains","{}",""
"find_383_2","FindService","listFind","qFind","{}",""
"add_383_3","AddService","listAdd","qAdd","{}",""
"audmedia_upd_386_1","AudmediaService","listAudmedia_Upd","qAudmediaupd","{}",""
"audnetworks_ins_387_1","AudnetworksService","listAudnetworks_Ins","qAudnetworksins","{}",""
"audnetworks_ins_389_1","AudnetworksService","listAudnetworks_Ins","qAudnetworksins","{}",""
"audpaycycles_sel_391_1","AudpaycyclesService","listAudpaycycles","qAudpaycyclessel","{}",""
"audpaycyles_sel_392_1","AudpaycylesService","listAudpaycyles","qAudpaycylessel","{}",""
"audplatforms_ins_393_1","AudplatformsService","listAudplatforms_Ins","qAudplatformsins","{}",""
"audplatforms_ins_395_1","AudplatformsService","listAudplatforms_Ins","qAudplatformsins","{}",""
"Audplatforms_user_sel_396_1","AudplatformsService","listAudplatforms_User","qAudplatformsusersel","{}",""
"audprojects_castingabout_ins_397_1","AudprojectsService","listAudprojects_Castingabout_Ins","qAudprojectscastingaboutins","{}",""
"audprojects_castingabout_ins_398_1","AudprojectsService","listAudprojects_Castingabout_Ins","qAudprojectscastingaboutins","{}",""
"audprojects_ins_399_1","AudprojectsService","listAudprojects_Ins","qAudprojectsins","{}",""
"select_user_query","EctService","findEct_User_Query","qSelectuserquery","{}",""
"audprojects_ins_401_1","AudprojectsService","listAudprojects_Ins","qAudprojectsins","{}",""
"audqtypes_ins_402_1","AudqtypesService","listAudqtypes_Ins","qAudqtypesins","{}",""
"audqtypes_ins_404_1","AudqtypesService","listAudqtypes_Ins","qAudqtypesins","{}",""
"audquestions_default_ins_405_1","AudquestionsService","listAudquestions_Default_Ins","qAudquestionsdefaultins","{}",""
"audquestions_default_ins_406_1","AudquestionsService","listAudquestions_Default_Ins","qAudquestionsdefaultins","{}",""
"audquestions_user_ins_407_1","AudquestionsService","listAudquestions_User_Ins","qAudquestionsuserins","{}",""
"audquestions_user_ins_408_1","AudquestionsService","listAudquestions_User_Ins","qAudquestionsuserins","{}",""
"audroles_ins_409_1","AudrolesService","listAudroles_Ins","qAudrolesins","{}",""
"audroles_ins_411_1","AudrolesService","listAudroles_Ins","qAudrolesins","{}",""
"audroletypes_ins_412_1","AudroletypesService","listAudroletypes_Ins","qAudroletypesins","{}",""
"audroletypes_ins_414_1","AudroletypesService","listAudroletypes_Ins","qAudroletypesins","{}",""
"audsources_ins_415_1","AudsourcesService","listAudsources_Ins","qAudsourcesins","{}",""
"select_user_query_noisdelete","EctService","findEct_User_Query_Noisdelete","qSelectuserquerynoisdelete","{}",""
"audsources_ins_417_1","AudsourcesService","listAudsources_Ins","qAudsourcesins","{}",""
"audsteps_ins_418_1","AudstepsService","listAudsteps_Ins","qAudstepsins","{}",""
"audsteps_ins_420_1","AudstepsService","listAudsteps_Ins","qAudstepsins","{}",""
"audsubcategories_ins_421_1","AudsubcategoriesService","listAudsubcategories_Ins","qAudsubcategoriesins","{}",""
"audsubcategories_ins_423_1","AudsubcategoriesService","listAudsubcategories_Ins","qAudsubcategoriesins","{}",""
"events_424_1","EventsService","listEvents","qEvents","{}",""
"audtones_ins_425_1","AudtonesService","listAudtones_Ins","qAudtonesins","{}",""
"audtones_ins_427_1","AudtonesService","listAudtones_Ins","qAudtonesins","{}",""
"audtones_user_sel_428_1","AudtonesService","listAudtones_User","qAudtonesusersel","{}",""
"audtypes_ins_429_1","AudtypesService","listAudtypes_Ins","qAudtypesins","{}",""
"audtypes_sel_430_1","AudtypesService","listAudtypes","qAudtypessel","{}",""
"audtypes_ins_431_1","AudtypesService","listAudtypes_Ins","qAudtypesins","{}",""
"audunions_ins_432_1","AudunionsService","listAudunions_Ins","qAudunionsins","{}",""
"audunions_sel_433_1","AudunionsService","listAudunions","qAudunionssel","{}",""
"audunions_ins_434_1","AudunionsService","listAudunions_Ins","qAudunionsins","{}",""
"audvocaltypes_audition_xref_ins_435_1","AudvocaltypesService","listAudvocaltypes_Audition_Xref_Ins","qAudvocaltypesauditionxrefins","{}",""
"audvocaltypes_audition_xref_ins_436_1","AudvocaltypesService","listAudvocaltypes_Audition_Xref_Ins","qAudvocaltypesauditionxrefins","{}",""
"audvocaltypes_ins_437_1","AudvocaltypesService","listAudvocaltypes_Ins","qAudvocaltypesins","{}",""
"audvocaltypes_ins_439_1","AudvocaltypesService","listAudvocaltypes_Ins","qAudvocaltypesins","{}",""
"aud_det_440_1","AudService","listAud_Det","qAuddet","{}",""
"questions_441_1","QuestionsService","listQuestions","qQuestions","{}",""
"birthdays_442_1","BirthdaysService","listBirthdays","qBirthdays","{}",""
"castingdirectors_sel_445_1","CastingdirectorsService","listCastingdirectors","qCastingdirectorssel","{}",""
"checkUnique_447_1","CheckuniqueService","listCheckunique","qCheckunique","{}",""
"details_451_1","DetailsService","listDetails","qDetails","{}",""
"refer_details_451_2","ReferService","getReferDetails","qReferdetails","{}",""
"results_451_3","ResultsService","listResults","qResults","{}",""
"pronouns_451_4","PronounsService","listPronouns","qPronouns","{}",""
"systems_452_1","SystemsService","listSystems","qSystems","{}",""
"systemnames_452_2","SystemnamesService","listSystemnames","qSystemnames","{}",""
"systems_453_1","SystemsService","listSystems","qSystems","{}",""
"systemnames_453_2","SystemnamesService","listSystemnames","qSystemnames","{}",""
"systems_454_1","SystemsService","listSystems","qSystems","{}",""
"contacts_all","ContactsService","listAllContacts","qContactsall","{}",""
"refer_details_456_2","ReferService","getReferDetails","qReferdetails","{}",""
"results_456_3","ResultsService","listResults","qResults","{}",""
"pronouns_456_4","PronounsService","listPronouns","qPronouns","{}",""
"dashboards_458_1","DashboardsService","listDashboards","qDashboards","{}",""
"notsActives_458_2","NotsactivesService","listNotsactives","qNotsactives","{}",""
"dashboards_459_1","DashboardsService","listDashboards","qDashboards","{}",""
"del_460_1","DelService","listDel","qDel","{}",""
"pgpanels_460_2","PgpanelsService","listPgpanels","qPgpanels","{}",""
"insert_460_3","ErtService","createErt","qInsert","{}",""
"r_462_1","RService","listR","qR","{}",""
"x_464_2","XService","listX","qX","{}",""
"tname_ins_464_3","TnameService","listTname_Ins","qTnameins","{}",""
"FindKey_466_1","KeyService","findKey","qFindkey","{}",""
"FindResults_466_2","ResultsService","findResults","qFindresults","{}",""
"FindJoins_466_3","JoinsService","findJoins","qFindjoins","{}",""
"details_466_4","DetailsService","listDetails","qDetails","{}",""
"eventresults_471_1","EventresultsService","listEventresults","qEventresults","{}",""
"events_472_1","EventsService","listEvents","qEvents","{}",""
"eventtypes_user_473_1","EventtypesService","listByEventtypes","qEventtypesuser","{}",""
"actions_159_2","ActionsService","listActions","qActions","{}",""
"audmedia_384_1","AudmediaService","listAudmedia","qAudmedia","{}",""
"audmedia_picklist_385_1","AudmediaService","listAudmedia_Picklist","qAudmediapicklist","{}",""
"details_484_1","DetailsService","listDetails","qDetails","{}",""
"incometypes_sel_486_1","IncometypesService","listIncometypes","qIncometypessel","{}",""
"inserttlog_487_1","TlogService","createTlog","qInserttlog","{}",""
"itemsAll_489_1","ItemsallService","listItemsall","qItemsall","{}",""
"materials_details_493_1","MaterialsService","getMaterialsDetails","qMaterialsdetails","{}",""
"headshots_sel_495_1","HeadshotsService","listHeadshots","qHeadshotssel","{}",""
"mylinks_498_1","MylinksService","listMylinks","qMylinks","{}",""
"details_500_1","DetailsService","listDetails","qDetails","{}",""
"events_501_1","EventsService","listEvents","qEvents","{}",""
"details_501_2","DetailsService","listDetails","qDetails","{}",""
"events_502_1","EventsService","listEvents","qEvents","{}",""
"details_502_2","DetailsService","listDetails","qDetails","{}",""
"note_503_1","NoteService","listNote","qNote","{}",""
"details_503_2","DetailsService","listDetails","qDetails","{}",""
"events_504_1","EventsService","listEvents","qEvents","{}",""
"note_504_2","NoteService","listNote","qNote","{}",""
"details_504_3","DetailsService","listDetails","qDetails","{}",""
"events_505_1","EventsService","listEvents","qEvents","{}",""
"note_505_2","NoteService","listNote","qNote","{}",""
"details_505_3","DetailsService","listDetails","qDetails","{}",""
"notesaud_506_1","NotesaudService","listNotesaud","qNotesaud","{}",""
"notesContactDetails_506_2","NotescontactdetailsService","listNotescontactdetails","qNotescontactdetails","{}",""
"notesContactDetails_507_2","NotescontactdetailsService","listNotescontactdetails","qNotescontactdetails","{}",""
"notesContactDetails_508_2","NotescontactdetailsService","listNotescontactdetails","qNotescontactdetails","{}",""
"notesContactDetails_509_2","NotescontactdetailsService","listNotescontactdetails","qNotescontactdetails","{}",""
"notsActive_510_1","NotsactiveService","listNotsactive","qNotsactive","{}",""
"notsActive_511_2","NotsactiveService","listNotsactive","qNotsactive","{}",""
"notsActives_511_3","NotsactivesService","listNotsactives","qNotsactives","{}",""
"projectDetails_517_1","ProjectdetailsService","listProjectdetails","qProjectdetails","{}",""
"rels_519_1","RelsService","listRels","qRels","{}",""
"details_521_1","DetailsService","listDetails","qDetails","{}",""
"findcountry_521_2","CountryService","findCountry","qFindcountry","{}",""
"findregion_521_3","RegionService","findRegion","qFindregion","{}",""
"types_521_4","TypesService","listTypes","qTypes","{}",""
"companies_521_5","CompaniesService","listCompanies","qCompanies","{}",""
"audnetworks_sel","AudnetworksService","listAudnetworks","qAudnetworkssel","{}",""
"auditionrojectDetails","AuditionrojectdetailsService","listAuditionrojectdetails","qAuditionrojectdetails","{}",""
"reportcolors_523_1","ReportcolorsService","listReportcolors","qReportcolors","{}",""
"reportcheck_524_1","ReportcheckService","listReportcheck","qReportcheck","{}",""
"u_524_2","UService","listU","qU","{}",""
"x_524_3","XService","listX","qX","{}",""
"find_524_4","FindService","listFind","qFind","{}",""
"insert_524_5","ErtService","createErt","qInsert","{}",""
"finditems_524_6","ItemsService","findItems","qFinditems","{}",""
"ranges_524_7","RangesService","listRanges","qRanges","{}",""
"rangeselected_524_8","RangeselectedService","listRangeselected","qRangeselected","{}",""
"reports_524_9","ReportsService","listReports","qReports","{}",""
"stats_524_10","StatsService","listStats","qStats","{}",""
"categories_524_11","CategoriesService","listCategories","qCategories","{}",""
"ratio_13_524_12","RatioService","listRatio","qRatio","{}",""
"ratio_17_524_13","RatioService","listRatio","qRatio","{}",""
"FindKey_526_1","KeyService","findKey","qFindkey","{}",""
"FindResults_526_2","ResultsService","findResults","qFindresults","{}",""
"FindJoins_526_3","JoinsService","findJoins","qFindjoins","{}",""
"results_526_4","ResultsService","listResults","qResults","{}",""
"tname_sel_529_1","TnameService","listTname","qTnamesel","{}",""
"cats_529_2","CatsService","listCats","qCats","{}",""
"bycat_529_3","BycatService","listBycat","qBycat","{}",""
"tname_sel_531_1","TnameService","listTname","qTnamesel","{}",""
"tname_sel_530_1","TnameService","listTname","qTnamesel","{}",""
"tname_sel_532_1","TnameService","listTname","qTnamesel","{}",""
"tname_sel_533_1","TnameService","listTname","qTnamesel","{}",""
"shares_534_1","SharesService","listShares","qShares","{}",""
"y_536_1","YService","listY","qY","{}",""
"x_536_3","XService","listX","qX","{}",""
"findp_536_4","FindpService","findP","qFindp","{}",""
"find_536_5","FindService","listFind","qFind","{}",""
"FindUser_538_1","UserService","findUser","qFinduser","{}",""
"FindUser_539_1","UserService","findUser","qFinduser","{}",""
"findscope_539_2","ScopeService","findScope","qFindscope","{}",""
"tagsvalid_542_1","TagsvalidService","listTagsvalid","qTagsvalid","{}",""
"statuses_543_1","StatusesService","listStatuses","qStatuses","{}",""
"details_543_2","DetailsService","listDetails","qDetails","{}",""
"results_544_1","ResultsService","listResults","qResults","{}",""
"BatchDetails_548_1","BatchdetailsService","listBatchdetails","qBatchdetails","{}",""
"toasts_549_1","ToastsService","listToasts","qToasts","{}",""
"toastmenu_549_2","ToastmenuService","listToastmenu","qToastmenu","{}",""
"FindKey_550_1","KeyService","findKey","qFindkey","{}",""
"FindResults_550_2","ResultsService","findResults","qFindresults","{}",""
"FindJoins_550_3","JoinsService","findJoins","qFindjoins","{}",""
"update_550_4","AteService","updateAte","qUpdate","{}",""
"update_551_1","AteService","updateAte","qUpdate","{}",""
"update_552_1","AteService","updateAte","qUpdate","{}",""
"update_553_1","AteService","updateAte","qUpdate","{}",""
"statuses_554_1","StatusesService","listStatuses","qStatuses","{}",""
"details_555_1","DetailsService","listDetails","qDetails","{}",""
"statuses_555_2","StatusesService","listStatuses","qStatuses","{}",""
"details_556_1","DetailsService","listDetails","qDetails","{}",""
"results_556_2","ResultsService","listResults","qResults","{}",""
"priorities_556_3","PrioritiesService","listPriorities","qPriorities","{}",""
"results_557_1","ResultsService","listResults","qResults","{}",""
