"legacy_qry","call_file","line"
"eventtypes_user","calendar-appoint.cfm","4"
"events_byuser","calendar-appoint.cfm","7"
"eventtypes_user","debug-calendar-events.cfm","7"
"events_byuser","debug-calendar-events.cfm","8"
"getAllCountries","include\account_info.cfm","77"
"getAllRegions","include\account_info.cfm","78"
"getAllTimezones","include\account_info.cfm","79"
"getMinimalTimezones","include\account_info.cfm","80"
"getAllDateFormats","include\account_info.cfm","81"
"getUserDetails","include\account_info.cfm","82"
"deleteTeam","include\account_info.cfm","97"
"addTeam","include\account_info.cfm","104"
"core","app\admin-users\setup-verification.cfm","8"
"fetchUsers","app\Application.cfc","153"
"fetchUsers","app\Application.cfc","191"
"friendfamilycheck","setup\contact_info.cfm","79"
"contacts","setup\contact_info.cfm","81"
"categories","setup\contact_info.cfm","83"
"items","setup\contact_info.cfm","85"
"notesContact","setup\contact_info.cfm","87"
"SystemsContact","setup\contact_info.cfm","89"
"tagsContact","setup\contact_info.cfm","91"
"profiles","setup\contact_info.cfm","93"
"sysactive","setup\contact_info.cfm","95"
"notsall","setup\contact_info.cfm","97"
"events","setup\contact_info.cfm","99"
"systemNotificationsActive","setup\contact_info.cfm","101"
"SystemsActiveContact","setup\contact_info.cfm","103"
"ru","setup\contact_info.cfm","105"
"emailcheck","setup\contact_info.cfm","107"
"phonecheck","setup\contact_info.cfm","109"
"rels","setup\contact_info.cfm","111"
"fetchcontactitems","setup\contact_info.cfm","113"
"tagFriendCheck","setup\contact_info.cfm","115"
"update","share\remoteUpdateForm.cfm","30"
"eventtypes_user","share\assets\eventtypes_user.cfm","2"
"attachdetails_25_1","include\attachmentdelaud.cfm","10"
"del_25_2","include\attachmentdelaud.cfm","21"
"attachdetails_25_1","include\attachmentdel.cfm","11"
"del_25_2","include\attachmentdel.cfm","22"
"durations","include\appoint-update2.cfm","43"
"duration_467_1","include\appoint-update2.cfm","44"
"update_18_1","include\appoint-update2.cfm","58"
"d_18_2","include\appoint-update2.cfm","59"
"FIND_18_3","include\appoint-update2.cfm","66"
"add_14_6","include\appoint-update2.cfm","76"
"inserts_18_5","include\appoint-update2.cfm","91"
"getNoteDetails","include\attachmentaddaud.cfm","13"
"eventdetails_334_3","include\appoint-update.cfm","12"
"durations","include\appoint-update.cfm","13"
"relationships_13_1","include\appoint-update.cfm","14"
"eventtypes_user_443_2","include\appoint-update.cfm","15"
"finde_17_1","include\appoint-update.cfm","76"
"results_330_1","include\admin-support_backup.cfm","522"
"priorities_330_2","include\admin-support_backup.cfm","525"
"vers_330_3","include\admin-support_backup.cfm","528"
"fetchusers","include\attachmentadd2aud.cfm","18"
"INSERT_22_1","include\attachmentadd2aud.cfm","44"
"eventdetails_334_3","include\appoint-info.cfm","6"
"notesEvent_508_1","include\appoint-info.cfm","7"
"attendees_336_5","include\appoint-info.cfm","9"
"notesContactDetails_180_2","include\appoint-info.cfm","10"
"INSERT_22_1","include\attachmentadd2.cfm","71"
"addfuSystemUsers","include\AddSystemToContact.cfm","2"
"addDaysNo_5_2","include\AddSystemToContact.cfm","16"
"checkUnique_5_3","include\AddSystemToContact.cfm","31"
"addNotification_5_4","include\AddSystemToContact.cfm","50"
"addNotification_5_4","include\AddSystemToContact.cfm","55"
"update_9_1","include\admin-support-update2.cfm","16"
"delete_15_1","include\appoint-delete.cfm","3"
"delSystemNotifications","include\add_system.cfm","9"
"addfuSystemUsers","include\add_system.cfm","12"
"getFuSystemUsersBySystemID","include\add_system.cfm","15"
"checkUnique_157_8","include\add_system.cfm","25"
"addNotification_326_1","include\add_system.cfm","43"
"getNoteDetails","include\attachmentadd.cfm","12"
"InsertNote_4_1","include\addnote.cfm","8"
"DeleteNote_4_2","include\addnote.cfm","12"
"InsertNote_4_1","include\addnote.cfm","16"
"DeleteNote_4_4","include\addnote.cfm","17"
"duration_467_1","include\appoint-add2.cfm","56"
"add_14_1","include\appoint-add2.cfm","69"
"t_14_2","include\appoint-add2.cfm","70"
"tt_14_3","include\appoint-add2.cfm","71"
"dd_14_4","include\appoint-add2.cfm","72"
"FIND_14_5","include\appoint-add2.cfm","77"
"add_14_6","include\appoint-add2.cfm","84"
"inserts_14_7","include\appoint-add2.cfm","95"
"InsertNote_14_8","include\appoint-add2.cfm","101"
"audprojects_ins","include\appoint-add2.cfm","121"
"audroles_ins","include\appoint-add2.cfm","122"
"auditions_ins","include\appoint-add2.cfm","123"
"fetchUsers","include\Applicationx.cfm","13"
"relationships_13_1","include\appoint-add.cfm","6"
"durations","include\appoint-add.cfm","7"
"eventtypes_user_443_2","include\appoint-add.cfm","8"
"finall_20_1","include\appointments_pane.cfm","46"
"insert_564_1","include\addeventtypeadd.cfm","3"
"notesevent","include\appoint.cfm","3"
"eventtypes_user","include\calendar-appoint.cfm","4"
"events_byuser","include\calendar-appoint.cfm","7"
"results_43_1","include\aud_call_pane.cfm","2"
"audlocations_ins_58_1","include\bookupdateform2.cfm","16"
"SEL_Media_types_material","include\aud_book_pane.cfm","6"
"audplatforms_sel","include\bookupdateform.cfm","3"
"incometypes_sel","include\bookupdateform.cfm","4"
"audpaycyles_sel","include\bookupdateform.cfm","5"
"book_det_57_1","include\bookupdateform.cfm","6"
"audessences_audtion_xref_49_1","include\aud_role_pane.cfm","31"
"findit_49_2","include\aud_role_pane.cfm","106"
"audgenres_audition_xref","include\aud_role_pane.cfm","110"
"audgenres_audition_xref","include\aud_role_pane.cfm","126"
"audvocaltypes_audition_xref","include\aud_role_pane.cfm","163"
"getAuditionMaterials","include\aud_mat_pane.cfm","3"
"getAuditionMediaPicklist","include\aud_mat_pane.cfm","4"
"getAuditionMediaTypes","include\aud_mat_pane.cfm","5"
"getAuditionLinks","include\aud_mat_pane.cfm","6"
"insert_41_1","include\aud_assessment_add.cfm","3"
"x_41_2","include\aud_assessment_add.cfm","5"
"insert_41_3","include\aud_assessment_add.cfm","9"
"update_56_1","include\booked.cfm","2"
"getContactsByAudProject","include\aud_rel_pane.cfm","20"
"audcontacts_sel_349_2","include\aud_rel_pane.cfm","22"
"mytags_48_1","include\aud_rel_pane.cfm","92"
"Findphone_48_2","include\aud_rel_pane.cfm","93"
"Findemail_48_3","include\aud_rel_pane.cfm","95"
"getSocialIcons","include\aud_rel_pane.cfm","154"
"getRemindersByRelationship","include\aud_rel_pane.cfm","155"
"audcategories_sel","include\auditions_new.cfm","8"
"up_31_1","include\auditions_new.cfm","84"
"audsteps_sel_31_2","include\auditions_new.cfm","85"
"audtypes_sel_31_3","include\auditions_new.cfm","86"
"cds_31_4","include\auditions_new.cfm","175"
"cos_31_5","include\auditions_new.cfm","176"
"audmedia","include\aud_head_pane.cfm","3"
"types_44_1","include\aud_head_pane.cfm","4"
"getAuditionLinks","include\aud_head_pane.cfm","5"
"audunions_sel_40_1","include\audunions_sel.cfm","6"
"auds_byrole","include\aud_ques_pane.cfm","2"
"aud_questions","include\aud_ques_pane.cfm","36"
"xx_55_1","include\birthday_fix.cfm","3"
"update_55_2","include\birthday_fix.cfm","35"
"auditions_ins_32_1","include\auditions_ins.cfm","23"
"audroles_ins_39_1","include\audroles_ins.cfm","14"
"bro_add_53_1","include\bigbrotherinclude.cfm","7"
"audmedia_38_1","include\audmedia.cfm","6"
"audcategories_sel","include\auditions.cfm","48"
"up_31_1","include\auditions.cfm","351"
"audsteps_sel_31_2","include\auditions.cfm","352"
"audtypes_sel_31_3","include\auditions.cfm","353"
"auditions","include\auditions.cfm","354"
"cds_31_4","include\auditions.cfm","440"
"cos_31_5","include\auditions.cfm","441"
"dashboardzz_93_1","include\dashboardupdate.cfm","2"
"menuitems","include\core.cfm","1"
"menuItemsa_496_2","include\core.cfm","2"
"menuItemsAud_496_3","include\core.cfm","3"
"FindLinksT","include\core.cfm","29"
"FindLinksB","include\core.cfm","30"
"rolecheck_90_1","include\core_title_175.cfm","3"
"audlocations_upd_37_1","include\audlocupdate2.cfm","13"
"steps_29_1","include\audition.cfm","63"
"rolecheck_29_2","include\audition.cfm","138"
"audunions_sel","include\audition.cfm","170"
"audnetworks_user_sel","include\audition.cfm","171"
"audtones_sel","include\audition.cfm","172"
"audcontracttypes_sel","include\audition.cfm","173"
"notesaud","include\audition.cfm","174"
"auditionDetails_29_3","include\audition.cfm","178"
"findstep_29_4","include\audition.cfm","302"
"callback_check_29_5","include\audition.cfm","424"
"Redirect_check_29_6","include\audition.cfm","442"
"Pin_check_29_7","include\audition.cfm","460"
"Booked_check_29_8","include\audition.cfm","474"
"update_92_1","include\customicon_single.cfm","104"
"del_99_1","include\delaudmedia.cfm","7"
"itemsbycatActive","include\contact_pane.cfm","10"
"x_91_1","include\customicon.cfm","2"
"update_91_2","include\customicon.cfm","39"
"myteam_499_1","include\dash_repteam.cfm","84"
"findtag_97_1","include\dash_repteam.cfm","109"
"qFiltered_77_1","include\contacts_attendees.cfm","20"
"qCount_77_2","include\contacts_attendees.cfm","23"
"fetchLocationService","include\audition-update.cfm","21"
"audplatforms_user_sel","include\audition-update.cfm","23"
"cities_448_1","include\audition-update.cfm","26"
"cat_27_1","include\audition-update.cfm","28"
"audroletypes_sel_27_2","include\audition-update.cfm","33"
"audtypes_sel_27_3","include\audition-update.cfm","34"
"casting_types_27_4","include\audition-update.cfm","35"
"castingdirectors_sel","include\audition-update.cfm","36"
"uu_33_1","include\audition_check.cfm","16"
"folowup_body","include\audition_check.cfm","22"
"addmissing_33_3","include\audition_check.cfm","60"
"fetchLocationService","include\contact_info.cfm","3"
"details_456_1","include\contact_info.cfm","141"
"eventresults","include\contact_info.cfm","142"
"ru","include\contact_info.cfm","143"
"contacts_333_1","include\contact_info.cfm","145"
"categories_446_1","include\contact_info.cfm","146"
"items_488_1","include\contact_info.cfm","147"
"notesContact_507_1","include\contact_info.cfm","148"
"Systems_540_1","include\contact_info.cfm","149"
"TagsContact_541_1","include\contact_info.cfm","150"
"profiles_516_1","include\contact_info.cfm","151"
"sysActive_537_1","include\contact_info.cfm","152"
"notsall_512_1","include\contact_info.cfm","153"
"eventss_443_1","include\contact_info.cfm","154"
"systemNotificationsActive","include\contact_info.cfm","155"
"findscope","include\contact_info.cfm","156"
"sysAvail_539_3","include\contact_info.cfm","157"
"getRemindersByRelationship","include\contact_info.cfm","158"
"emailcheck_469_1","include\contact_info.cfm","159"
"phonecheck_515_1","include\contact_info.cfm","160"
"rels","include\contact_info.cfm","161"
"fetchcontactitems","include\contact_info.cfm","162"
"findcompany_476_1","include\contact_info.cfm","163"
"notesRelationship_509_1","include\contact_info.cfm","164"
"cu_83_1","include\contact_info.cfm","239"
"c_83_2","include\contact_info.cfm","324"
"notsactive_510_1","include\contact_info.cfm","454"
"notsInactive_510_2","include\contact_info.cfm","455"
"reminders_511_1","include\dash_rr.cfm","11"
"lastupdates","include\contacts_all_tabs.cfm","53"
"tags_76_1","include\contacts_all_tabs.cfm","236"
"inscontactdetails","include\audition-add2.cfm","76"
"insert_28_2","include\audition-add2.cfm","80"
"insert_28_3","include\audition-add2.cfm","84"
"insContactDetails","include\audition-add2.cfm","99"
"insert_28_5","include\audition-add2.cfm","100"
"insert_28_6","include\audition-add2.cfm","104"
"insContactDetails","include\audition-add2.cfm","114"
"insert_28_8","include\audition-add2.cfm","116"
"insert_28_3","include\audition-add2.cfm","117"
"FIND_28_10","include\audition-add2.cfm","120"
"insert_28_11","include\audition-add2.cfm","124"
"audprojects_ins","include\audition-add2.cfm","132"
"audroles_ins","include\audition-add2.cfm","133"
"auditions_ins","include\audition-add2.cfm","137"
"add_cd_28_12","include\audition-add2.cfm","142"
"dashboardoptions","include\dashboard_pane.cfm","2"
"audcategories_sel","include\catupdateform.cfm","5"
"audsubcategories_sel","include\catupdateform.cfm","6"
"auditionprojectDetails_66_1","include\catupdateform.cfm","7"
"add_82_1","include\contact_add.cfm","2"
"find_d_104_1","include\deletesystemfromrel.cfm","21"
"deletesystem_104_2","include\deletesystemfromrel.cfm","24"
"update_101_1","include\deleteContacts.cfm","6"
"x_94_1","include\dashboardupdate2.cfm","6"
"pgpanels_94_2","include\dashboardupdate2.cfm","9"
"delete_102_1","include\deleteessence.cfm","2"
"lastupdates","include\contacts_all.cfm","21"
"tags_76_1","include\contacts_all.cfm","167"
"deletenote_103_1","include\deletenote.cfm","2"
"fetchLocationService","include\audition-add.cfm","25"
"audplatforms_user_sel","include\audition-add.cfm","27"
"cities_448_1","include\audition-add.cfm","30"
"cat_27_1","include\audition-add.cfm","32"
"audroletypes_sel_27_2","include\audition-add.cfm","37"
"audtypes_sel_27_3","include\audition-add.cfm","38"
"casting_types_27_4","include\audition-add.cfm","39"
"castingdirectors_sel","include\audition-add.cfm","40"
"getAllCountries","include\audition-add.cfm","469"
"regions","include\audition-add.cfm","470"
"cities","include\audition-add.cfm","471"
"deleteticket_105_1","include\deleteticket.cfm","3"
"deleteticket_100_1","include\deleteappointment.cfm","3"
"imports","include\contacts_table.cfm","44"
"Findchild_107_1","include\details.cfm","6"
"FindDetails_107_2","include\details.cfm","26"
"FindModalTitle_107_3","include\details.cfm","127"
"update","include\details.cfm","128"
"find_107_4","include\details.cfm","134"
"FindValue_107_5","include\details.cfm","169"
"FindValue_107_6","include\details.cfm","255"
"selects_107_7","include\details.cfm","256"
"FindValue_107_8","include\details.cfm","276"
"selects_107_9","include\details.cfm","278"
"FindValue_107_5","include\details.cfm","308"
"selects_107_11","include\details.cfm","309"
"selects_107_12","include\details.cfm","340"
"attachdetails_25_1","include\download_aud.cfm","7"
"details_106_1","include\DetailPage.cfm","16"
"lastupdates","include\contacts.cfm","33"
"imports","include\contacts.cfm","313"
"attachdetails_25_1","include\download.cfm","7"
"U_73_1","include\contactfolder_setup.cfm","18"
"C_73_2","include\contactfolder_setup.cfm","93"
"getNotificationById","include\complete_not_skip.cfm","13"
"addNotification_72_1","include\complete_not_skip.cfm","38"
"updateContact_72_2","include\complete_not_skip.cfm","42"
"addNotification_71_3","include\complete_not_skip.cfm","48"
"notsnext","include\complete_not_skip.cfm","51"
"updatesystem_72_4","include\complete_not_skip.cfm","61"
"updatesystem_72_5","include\complete_not_skip.cfm","67"
"checkformaint_72_6","include\complete_not_skip.cfm","68"
"findSystem_71_7","include\complete_not_skip.cfm","72"
"Insert_72_8","include\complete_not_skip.cfm","76"
"attachdetails_109_1","include\download_media.cfm","4"
"getNotificationByID","include\complete_not_batch.cfm","16"
"addNotification_71_1","include\complete_not_batch.cfm","45"
"updateContact_71_2","include\complete_not_batch.cfm","49"
"addNotification_71_3","include\complete_not_batch.cfm","55"
"notsnext","include\complete_not_batch.cfm","59"
"updatesystem_71_4","include\complete_not_batch.cfm","68"
"updatesystem_71_5","include\complete_not_batch.cfm","74"
"checkformaint_71_6","include\complete_not_batch.cfm","75"
"findSystem_71_7","include\complete_not_batch.cfm","79"
"Insert_71_8","include\complete_not_batch.cfm","82"
"audprojects_ins_67_1","include\catupdateform2.cfm","2"
"update_68_1","include\changestatus.cfm","10"
"update_68_2","include\changestatus.cfm","13"
"getNotificationByID","include\complete_not_ajax.cfm","57"
"updateNotificationCompleted","include\complete_not_ajax.cfm","113"
"updateContactUnique","include\complete_not_ajax.cfm","139"
"addNotification","include\complete_not_ajax.cfm","161"
"getNotificationsBySystem","include\complete_not_ajax.cfm","179"
"updateNotificationNext","include\complete_not_ajax.cfm","250"
"updateSystemUserCompleted","include\complete_not_ajax.cfm","272"
"checkformaint_71_6","include\complete_not_ajax.cfm","281"
"addNotifications","include\complete_not_ajax.cfm","306"
"findSystemByScope","include\complete_not_ajax.cfm","307"
"duration","sched\appoint-update2.cfm","7"
"update_618_1","sched\appoint-update2.cfm","31"
"inserts_619_2","sched\appoint-update2.cfm","76"
"getNotificationByID","include\complete_not.cfm","22"
"updateNotificationCompleted","include\complete_not.cfm","80"
"updateContactUnique","include\complete_not.cfm","107"
"addNotification","include\complete_not.cfm","140"
"getNotificationsBySystem","include\complete_not.cfm","159"
"updateNotificationNext","include\complete_not.cfm","203"
"updateSystemUserCompleted","include\complete_not.cfm","233"
"checkformaint_71_6","include\complete_not.cfm","242"
"addNotifications","include\complete_not.cfm","265"
"findSystemByScope","include\complete_not.cfm","274"
"updateActionUsersByExcludeAction","include\excludeaction.cfm","2"
"Find_114_1","include\excludesitetype.cfm","3"
"update_114_2","include\excludesitetype.cfm","5"
"update_114_3","include\excludesitetype.cfm","11"
"fetchUsers","sched\Application_last.cfc","41"
"fetchUsers","sched\Application_last.cfc","72"
"fetchUsers","sched\Application_back.cfc","98"
"fetchUsers","sched\Application_back.cfc","135"
"update_113_1","include\excludelink.cfm","5"
"export_ac_31_6","include\export_auditions.cfm","2"
"AddExport_115_1","include\exportContacts.cfm","47"
"x_115_2","include\exportContacts.cfm","48"
"find_new_Website_115_3","include\exportContacts.cfm","79"
"find_new_BusinessEmail_115_4","include\exportContacts.cfm","86"
"find_new_PersonalEmail_115_5","include\exportContacts.cfm","93"
"find_new_Company_115_6","include\exportContacts.cfm","100"
"find_new_WorkPhone_115_7","include\exportContacts.cfm","107"
"find_new_mobilePhone_115_8","include\exportContacts.cfm","114"
"find_new_homePhone_115_9","include\exportContacts.cfm","121"
"find_new_address_115_10","include\exportContacts.cfm","128"
"find_new_address_other_115_11","include\exportContacts.cfm","141"
"find_new_tag_115_12","include\exportContacts.cfm","154"
"insert_115_13","include\exportContacts.cfm","177"
"updateExport_115_14","include\exportContacts.cfm","181"
"export_ac_115_15","include\exportContacts.cfm","183"
"C_73_2","include\folder_setup.cfm","45"
"fetch_folowup","include\folowup_body.cfm","2"
"results_125_1","include\fetch_updated_row.cfm","6"
"getAuditionImportErrors","include\fetch_updated_row.cfm","7"
"queryFullNames_129_1","include\FullNameLookup.cfc","11"
"itemDetails_130_1","include\getmodalcontent.cfm","5"
"getRecord_132_1","include\get_record_data.cfm","9"
"getCategories_132_2","include\get_record_data.cfm","12"
"getSources_132_3","include\get_record_data.cfm","15"
"updateUserToken_133_1","include\google_auth.cfm","13"
"FindRefPage_135_1","include\image-upload-contact.cfm","9"
"FindRefcontacts_135_2","include\image-upload-contact.cfm","10"
"FindRefPage_136_1","include\image-upload.cfm","8"
"FindRefcontacts_135_2","include\image-upload.cfm","9"
"results_142_1","include\import.cfm","71"
"imports","include\import-contacts.cfm","9"
"upload_details_141_1","include\import-contacts.cfm","15"
"results_141_2","include\import-contacts.cfm","18"
"getAuditionUploadDetails","include\import-auditions.cfm","224"
"getAuditionImportResults","include\import-auditions.cfm","226"
"getAuditionImportErrors","include\import-auditions.cfm","277"
"auditions_import","include\import-auditions.cfm","336"
"findid_146_1","include\Insert_ReportItem.cfm","3"
"Insert_ReportItems_146_2","include\Insert_ReportItem.cfm","25"
"update_145_1","include\includeaction.cfm","3"
"find_150_1","include\linkdel.cfm","7"
"deletelink_150_2","include\linkdel.cfm","12"
"add_149_1","include\linkadd2.cfm","8"
"getNoteDetails","include\linkadd.cfm","7"
"headshots_sel_479_1","include\load_headshot_gallery.cfm","4"
"audition","services\ContactAuditionService.cfc","47"
"headshots_377_2","include\load_headshot.cfm","4"
"update_151_1","include\linkinclude.cfm","3"
"linkmedia_152_1","include\linkmedia.cfm","3"
"FindModalTitle_107_3","include\ModalRemoteNewForm.cfm","3"
"fin_recordname_157_1","include\modalansweryes.cfm","5"
"find_fu_157_2","include\modalansweryes.cfm","12"
"addSystem_157_3","include\modalansweryes.cfm","22"
"CompleteTargetSystems_157_4","include\modalansweryes.cfm","24"
"sudetails_157_5","include\modalansweryes.cfm","25"
"Insert_157_6","include\modalansweryes.cfm","26"
"addDaysNo_157_7","include\modalansweryes.cfm","27"
"checkUnique_157_8","include\modalansweryes.cfm","35"
"addNotification_157_9","include\modalansweryes.cfm","54"
"addNotification_157_10","include\modalansweryes.cfm","56"
"essence_sel_470_1","include\mybrand_pane.cfm","51"
"headshots_sel_478_1","include\myheadshots_pane.cfm","23"
"sitetypes_535_1","include\mylinks_pane.cfm","23"
"mylinks_159_1","include\mylinks_pane.cfm","24"
"mylinks_user_164_2","include\mylinks_pane.cfm","25"
"mylinks_user_del_164_3","include\mylinks_pane.cfm","26"
"master_164_4","include\mylinks_pane.cfm","27"
"sitetypes_535_1","include\mylinks_pane.cfm","40"
"mylinks_159_1","include\mylinks_pane.cfm","41"
"mylinks_user_164_2","include\mylinks_pane.cfm","173"
"mylinks_user_del_164_3","include\mylinks_pane.cfm","174"
"master_164_4","include\mylinks_pane.cfm","175"
"materials_sel","include\mymaterials_pane.cfm","55"
"events_166_1","include\mymaterials_pane.cfm","149"
"getMyTeam","include\myteam_pane_backup.cfm","23"
"getSocialIcons","include\myteam_pane_backup.cfm","138"
"getRemindersByRelationship","include\myteam_pane_backup.cfm","139"
"getMyTeam","include\myteam_pane.cfm","2"
"getSocialIcons","include\myteam_pane.cfm","123"
"getRemindersByRelationship","include\myteam_pane.cfm","124"
"getMyTeam","include\myteam_pane_fixed.cfm","2"
"getSocialIcons","include\myteam_pane_fixed.cfm","123"
"getRemindersByRelationship","include\myteam_pane_fixed.cfm","124"
"relationships_13_1","include\note-add-aud.cfm","3"
"InsertNote_169_1","include\note-add-aud2.cfm","11"
"CLEAN_169_2","include\note-add-aud2.cfm","14"
"relationships_13_1","include\note-add-event.cfm","6"
"InsertNote_171_1","include\note-add-event2.cfm","11"
"CLEAN_169_2","include\note-add-event2.cfm","14"
"relationships_13_1","include\note-add.cfm","6"
"InsertNote_173_1","include\note-add2.cfm","5"
"relationships_13_1","include\note-update-aud.cfm","6"
"updatenote_175_1","include\note-update-aud2.cfm","11"
"CLEAN_169_2","include\note-update-aud2.cfm","14"
"relationships_13_1","include\note-update-event.cfm","6"
"updatenote_177_1","include\note-update-event2.cfm","11"
"CLEAN_169_2","include\note-update-event2.cfm","14"
"relationships_13_1","include\note-update.cfm","6"
"updatenote_179_1","include\note-update2.cfm","5"
"notesEvent_180_1","include\notesEvent.cfm","6"
"notesContactDetails_180_2","include\notesEvent.cfm","8"
"links_181_1","include\notes_aud_pane.cfm","67"
"attachments_181_2","include\notes_aud_pane.cfm","68"
"getLinksByNoteId","include\notes_event_pane.cfm","66"
"attachments_181_2","include\notes_event_pane.cfm","67"
"links_183_1","include\notes_relationship_pane.cfm","55"
"attachments_181_2","include\notes_relationship_pane.cfm","56"
"notes_186_1","include\patchnotes.cfm","2"
"Finddetails_185_1","include\order.cfm","3"
"FindResults_185_2","include\order.cfm","4"
"FindKey_185_3","include\order.cfm","5"
"find_185_4","include\order.cfm","37"
"sql1_185_5","include\order.cfm","48"
"sq2_185_6","include\order.cfm","49"
"FindUser_188_1","include\pgload_setup.cfm","11"
"InsertContact_188_2","include\pgload_setup.cfm","41"
"InsertContact_188_3","include\pgload_setup.cfm","46"
"InsertContact_188_4","include\pgload_setup.cfm","47"
"FindUser_188_5","include\pgload_setup.cfm","48"
"FindPage_188_6","include\pgload_setup.cfm","52"
"FindFields_188_7","include\pgload_setup.cfm","58"
"FindLinksT_188_8","include\pgload_setup.cfm","66"
"FindLinksB_188_9","include\pgload_setup.cfm","70"
"FindLinksExtra_188_10","include\pgload_setup.cfm","74"
"update_187_1","include\pgload.cfm","27"
"update_187_2","include\pgload.cfm","32"
"fetchusers","include\pgload.cfm","41"
"subsites_189_1","include\prefs_pane.cfm","172"
"pupdate_191_5","include\projdate_fix_user.cfm","9"
"z_191_6","include\projdate_fix_user.cfm","13"
"update_191_7","include\projdate_fix_user.cfm","25"
"delete_191_8","include\projdate_fix_user.cfm","29"
"fix_191_9","include\projdate_fix_user.cfm","40"
"correct_191_10","include\projdate_fix_user.cfm","43"
"remove_191_11","include\projdate_fix_user.cfm","46"
"remove2_191_12","include\projdate_fix_user.cfm","49"
"notsactive_510_1","include\reminder_pane_fucked.cfm","24"
"getAuditionMediaTypes","include\remotaudmatadd.cfm","12"
"actiondetails_194_1","include\remoteactionUpdate.cfm","3"
"updateActionUsersByActionUpdate","include\remoteactionUpdateUpdate.cfm","11"
"k_195_2","include\remoteactionUpdateUpdate.cfm","14"
"up_195_3","include\remoteactionUpdateUpdate.cfm","20"
"getCategories_196_1","include\remoteaddaudsubmitsite.cfm","27"
"find_197_1","include\remoteaddaudsubmitsite2.cfm","9"
"update_197_2","include\remoteaddaudsubmitsite2.cfm","13"
"add_197_3","include\remoteaddaudsubmitsite2.cfm","18"
"fetchLocationService","include\remoteaddC.cfm","16"
"details_198_1","include\remoteaddC.cfm","18"
"types_198_2","include\remoteaddC.cfm","22"
"types_198_3","include\remoteaddC.cfm","24"
"companies_198_4","include\remoteaddC.cfm","194"
"insert_199_1","include\remoteAddCAdd.cfm","12"
"insertx_199_2","include\remoteAddCAdd.cfm","17"
"add_199_3","include\remoteAddCAdd.cfm","20"
"findcountry_199_4","include\remoteAddCAdd.cfm","27"
"findregion_199_5","include\remoteAddCAdd.cfm","35"
"update_199_6","include\remoteAddCAdd.cfm","76"
"add_201_1","include\remoteAddContactAdd.cfm","15"
"insert_201_2","include\remoteAddContactAdd.cfm","21"
"insert_201_3","include\remoteAddContactAdd.cfm","27"
"insert_201_4","include\remoteAddContactAdd.cfm","32"
"insert_201_5","include\remoteAddContactAdd.cfm","37"
"tags_200_1","include\remoteAddContact.cfm","5"
"events_203_1","include\remoteAddContactAud.cfm","16"
"tags_203_2","include\remoteAddContactAud.cfm","19"
"companies_203_3","include\remoteAddContactAud.cfm","22"
"add_202_1","include\remoteAddContactAddaud.cfm","16"
"insert_202_2","include\remoteAddContactAddaud.cfm","23"
"insert_202_3","include\remoteAddContactAddaud.cfm","29"
"insert_201_4","include\remoteAddContactAddaud.cfm","34"
"insert_202_5","include\remoteAddContactAddaud.cfm","39"
"insert_202_6","include\remoteAddContactAddaud.cfm","44"
"add_cd_202_7","include\remoteAddContactAddaud.cfm","52"
"findnumber_202_8","include\remoteAddContactAddaud.cfm","62"
"inserts_202_9","include\remoteAddContactAddaud.cfm","66"
"add_sitetype_205_1","include\remoteAddEssenceContact2.cfm","3"
"getAuditionMediaTypes","include\remoteaddHeadshot.cfm","23"
"audmedia_ins","include\remoteaddHeadshot2.cfm","38"
"SEL_Media_types_material","include\remoteaddMaterial.cfm","25"
"pronouns_210_1","include\remoteAddName.cfm","10"
"refers_210_2","include\remoteAddName.cfm","11"
"audmedia_ins","include\remoteaddMaterial2.cfm","36"
"add_211_1","include\remoteAddNameAdd.cfm","5"
"details_212_1","include\remoteapprove.cfm","3"
"users_212_2","include\remoteapprove.cfm","4"
"find_212_3","include\remoteapprove.cfm","5"
"Insert_213_1","include\remoteapprove2.cfm","5"
"update_213_2","include\remoteapprove2.cfm","8"
"updateticket_213_3","include\remoteapprove2.cfm","15"
"updateticket_213_4","include\remoteapprove2.cfm","18"
"aud_questions","include\remoteassForm.cfm","3"
"x_214_1","include\remoteassForm.cfm","8"
"insert_41_3","include\remoteassForm.cfm","12"
"aud_questions","include\remoteassForm.cfm","15"
"aud_questions","include\remoteassFormUpdate.cfm","3"
"audanswers_ins_215_1","include\remoteassFormUpdate.cfm","21"
"addNotification_326_1","include\qry\addNotification_placeholder.cfm","1"
"audcategories_sel","include\remoteaudadd.cfm","12"
"audsubcategories_sel","include\remoteaudadd.cfm","15"
"aud_details_217_1","include\remoteaudaddform.cfm","7"
"audlocations_sel","include\remoteaudaddform.cfm","8"
"audtypes_sel_217_2","include\remoteaudaddform.cfm","12"
"audsteps_sel_217_3","include\remoteaudaddform.cfm","13"
"audplatforms_sel","include\remoteaudaddform.cfm","14"
"audlocations_ins_218_1","include\remoteaudaddform2.cfm","5"
"findproject_218_2","include\remoteaudaddform2.cfm","9"
"auditions_ins","include\remoteaudaddform2.cfm","16"
"audmedia_ins","include\remoteaudmatadd2.cfm","33"
"durations","include\remoteaudupdateform.cfm","10"
"fetchLocationService","include\remoteaudupdateform.cfm","11"
"fetchusers","include\remoteaudupdateform.cfm","12"
"audplatforms_user_sel","include\remoteaudupdateform.cfm","13"
"projectDetails_221_1","include\remoteaudupdateform.cfm","14"
"roleDetails_221_2","include\remoteaudupdateform.cfm","17"
"locationDetails_492_1","include\remoteaudupdateform.cfm","18"
"cat_221_3","include\remoteaudupdateform.cfm","20"
"cat_221_4","include\remoteaudupdateform.cfm","21"
"audroletypes_sel_27_2","include\remoteaudupdateform.cfm","22"
"audtypes_sel_221_6","include\remoteaudupdateform.cfm","23"
"casting_types_221_7","include\remoteaudupdateform.cfm","24"
"castingdirectors_sel","include\remoteaudupdateform.cfm","25"
"auditions_ins_221_8","include\remoteaudupdateform.cfm","49"
"aud_det_221_9","include\remoteaudupdateform.cfm","59"
"audtypes_sel_221_11","include\remoteaudupdateform.cfm","61"
"audsteps_sel_217_3","include\remoteaudupdateform.cfm","62"
"audplatforms_sel","include\remoteaudupdateform.cfm","63"
"findd_221_10","include\remoteaudupdateform.cfm","79"
"audcallbacktypes_sel","include\remoteaudupdateform.cfm","199"
"audbooktypes_sel_221_13","include\remoteaudupdateform.cfm","256"
"FIND_222_1","include\remoteaudupdateform2.cfm","7"
"insert_28_11","include\remoteaudupdateform2.cfm","11"
"auditions_upd","include\remoteaudupdateform2.cfm","20"
"activate_222_3","include\remoteaudupdateform2.cfm","21"
"auditionDetails_222_5","include\remoteaudupdateform2.cfm","23"
"projectDetails_222_6","include\remoteaudupdateform2.cfm","24"
"FindEvent_222_4","include\remoteaudupdateform2.cfm","37"
"details_223_1","include\remotecontent.cfm","3"
"uu_223_2","include\remotecontent.cfm","4"
"attachdetails_109_1","include\remoteDelete.cfm","3"
"audmedia_details_225_1","include\remoteDelete2.cfm","2"
"audmedia_details_226_1","include\remoteDeleteaudmedia.cfm","3"
"audmedia_details_225_1","include\remoteDeleteaudmedia2.cfm","2"
"FindKey_228_1","include\remoteDeleteForm.cfm","14"
"Findrec_228_2","include\remoteDeleteForm.cfm","15"
"del_230_1","include\remoteDeleteFormAudDelete.cfm","2"
"del2_230_2","include\remoteDeleteFormAudDelete.cfm","4"
"remove_191_11","include\remoteDeleteFormAudDelete.cfm","6"
"details_229_1","include\remoteDeleteFormAud.cfm","3"
"projectDetails_232_1","include\remoteDeleteFormAudprojectDelete.cfm","3"
"roleDetails_232_2","include\remoteDeleteFormAudprojectDelete.cfm","7"
"events_232_3","include\remoteDeleteFormAudprojectDelete.cfm","9"
"del_232_4","include\remoteDeleteFormAudprojectDelete.cfm","15"
"del2_232_5","include\remoteDeleteFormAudprojectDelete.cfm","19"
"del3_232_6","include\remoteDeleteFormAudprojectDelete.cfm","20"
"del4_232_7","include\remoteDeleteFormAudprojectDelete.cfm","21"
"remove_191_11","include\remoteDeleteFormAudprojectDelete.cfm","22"
"delete_233_1","include\remoteDeleteFormDelete.cfm","26"
"del_233_2","include\remoteDeleteFormDelete.cfm","39"
"audmedia_details_226_1","include\remoteDeleteheadshots_auditions_xref.cfm","3"
"audmedia_headshots_delete","include\remoteDeleteheadshots_auditions_xref2.cfm","3"
"audlink_details_237_1","include\remoteDeletelink.cfm","3"
"audmedia_details_238_1","include\remoteDeleteLink2.cfm","3"
"updates_239_1","include\remoteheadingupdate.cfm","4"
"add_240_1","include\remoteheadingupdate2.cfm","6"
"pgPanelsFix","include\remoteheadingupdate2.cfm","8"
"find_242_1","include\remotelinkadd2.cfm","10"
"add_242_2","include\remotelinkadd2.cfm","30"
"selects_245_1","include\remoteNewForm.cfm","117"
"selects_245_2","include\remoteNewForm.cfm","147"
"find_246_1","include\remoteNewFormAdd.cfm","32"
"getNoteDetails","include\remotenotedetails.cfm","12"
"find_249_1","include\remotepaneladd2.cfm","7"
"add_sitetype_249_2","include\remotepaneladd2.cfm","15"
"findit_249_3","include\remotepaneladd2.cfm","20"
"Findtotal_249_4","include\remotepaneladd2.cfm","26"
"add_249_5","include\remotepaneladd2.cfm","29"
"add_249_6","include\remotepaneladd2.cfm","32"
"audmedia_details_226_1","include\remoteRemoveaudmedia.cfm","3"
"audmedia_details_225_1","include\remoteRemoveaudmedia2.cfm","3"
"ins_253_1","include\remoteselectedmaterial2.cfm","5"
"ins_252_2","include\remoteselectedmaterial2.cfm","8"
"ins_252_1","include\remoteselectedheadshot2.cfm","5"
"ins_252_2","include\remoteselectedheadshot2.cfm","8"
"headshots_sel_unused","include\remoteselectheadshot.cfm","3"
"getAuditionMediaTypes","include\remoteselectheadshot.cfm","5"
"materials_sel_unused","include\remoteselectmaterial.cfm","2"
"getAuditionMediaTypes","include\remoteselectmaterial.cfm","4"
"activeversions","include\remoteSupportForm.cfm","2"
"results_331_1","include\qry\admin-update-log.cfm","1"
"inserttlog","include\remoteSupportFormAdd.cfm","48"
"ranges_332_1","include\qry\ageranges_sel.cfm","3"
"details_259_1","include\remoteUpdateaudsubmitsite.cfm","3"
"getCategories_196_1","include\remoteUpdateaudsubmitsite.cfm","29"
"findsubs_259_3","include\remoteUpdateaudsubmitsite.cfm","50"
"contacts_333_1","include\qry\appoint-add.cfm","1"
"types_333_2","include\qry\appoint-add.cfm","2"
"relationships_334_1","include\qry\appoint-info.cfm","1"
"types_334_2","include\qry\appoint-info.cfm","2"
"eventdetails_334_3","include\qry\appoint-info.cfm","3"
"contacts_334_4","include\qry\appoint-info.cfm","6"
"attendees_334_5","include\qry\appoint-info.cfm","8"
"relationships_335_1","include\qry\appoint-update.cfm","3"
"types_335_2","include\qry\appoint-update.cfm","5"
"eventdetails_335_3","include\qry\appoint-update.cfm","6"
"findd_335_4","include\qry\appoint-update.cfm","8"
"contacts_335_5","include\qry\appoint-update.cfm","16"
"subsites_189_1","include\remoteUpdateaudsubmitsite2.cfm","6"
"update_260_2","include\remoteUpdateaudsubmitsite2.cfm","15"
"fetchLocationService","include\remoteUpdateC.cfm","3"
"details_261_1","include\remoteUpdateC.cfm","4"
"findcountry_261_2","include\remoteUpdateC.cfm","9"
"findregion_261_3","include\remoteUpdateC.cfm","16"
"types","include\remoteUpdateC.cfm","27"
"companies_198_4","include\remoteUpdateC.cfm","178"
"relationships_336_1","include\qry\appoint.cfm","1"
"types_336_2","include\qry\appoint.cfm","2"
"eventdetails_336_3","include\qry\appoint.cfm","3"
"contacts_336_4","include\qry\appoint.cfm","6"
"attendees_336_5","include\qry\appoint.cfm","8"
"insert_262_1","include\remoteUpdateCUpdate.cfm","15"
"insertx_262_2","include\remoteUpdateCUpdate.cfm","20"
"findcountry_199_4","include\remoteUpdateCUpdate.cfm","24"
"findregion_262_4","include\remoteUpdateCUpdate.cfm","31"
"update_262_5","include\remoteUpdateCUpdate.cfm","58"
"update2_262_6","include\remoteUpdateCUpdate.cfm","59"
"details_263_1","include\remoteUpdateEssenceContact.cfm","3"
"update_264_1","include\remoteUpdateEssenceContact2.cfm","5"
"FindModalTitle_265_1","include\remoteUpdateForm.cfm","13"
"update","include\remoteUpdateForm.cfm","14"
"find_265_2","include\remoteUpdateForm.cfm","20"
"FindValue_265_3","include\remoteUpdateForm.cfm","55"
"FindValue_265_4","include\remoteUpdateForm.cfm","135"
"selects_265_5","include\remoteUpdateForm.cfm","136"
"FindValue_265_6","include\remoteUpdateForm.cfm","155"
"selects_265_7","include\remoteUpdateForm.cfm","156"
"FindValue_265_8","include\remoteUpdateForm.cfm","175"
"selects_265_9","include\remoteUpdateForm.cfm","177"
"FindValue_265_10","include\remoteUpdateForm.cfm","219"
"selects_265_11","include\remoteUpdateForm.cfm","220"
"selects_107_12","include\remoteUpdateForm.cfm","250"
"FindOld_266_1","include\remoteUpdateFormUpdate.cfm","60"
"update_266_2","include\remoteUpdateFormUpdate.cfm","108"
"INSERT_266_3","include\remoteUpdateFormUpdate.cfm","109"
"Finddetails_266_4","include\remoteUpdateFormUpdate.cfm","133"
"materials_details","include\remoteUpdateMaterial.cfm","25"
"SEL_Media_types_material","include\remoteUpdateMaterial.cfm","26"
"audmedia_upd","include\remoteUpdateMaterial2.cfm","10"
"updatecontact_270_1","include\remoteUpdateNameUpdate.cfm","24"
"find_270_2","include\remoteUpdateNameUpdate.cfm","33"
"add_270_3","include\remoteUpdateNameUpdate.cfm","37"
"pronouns_210_1","include\remoteUpdateName.cfm","38"
"refers_210_2","include\remoteUpdateName.cfm","39"
"details_269_3","include\remoteUpdateName.cfm","40"
"pronouns_210_1","include\remoteUpdateName.cfm","53"
"refers_210_2","include\remoteUpdateName.cfm","54"
"details_269_3","include\remoteUpdateName.cfm","55"
"audageranges_audtion_xref_ins_337_1","include\qry\audageranges_audtion_xref_ins.cfm","7"
"reldetails_271_1","include\remoteUpdateSUID.cfm","2"
"tagsContact","include\remoteUpdateTag.cfm","3"
"tags_203_2","include\remoteUpdateTag.cfm","26"
"findt_272_2","include\remoteUpdateTag.cfm","49"
"audageranges_audtion_xref_ins_338_1","include\qry\audageranges_audtion_xref_upd.cfm","7"
"getUserDetails","include\remoteUserUpdate.cfm","1"
"getAllCountries","include\remoteUserUpdate.cfm","3"
"getAllRegions","include\remoteUserUpdate.cfm","5"
"audageranges_ins_339_1","include\qry\audageranges_ins.cfm","13"
"qry_block_1_2","include\remoteUserUpdated.cfm","1"
"details_274_1","include\remoteverticketupdate.cfm","3"
"uu_274_2","include\remoteverticketupdate.cfm","4"
"pages_274_3","include\remoteverticketupdate.cfm","5"
"users_274_4","include\remoteverticketupdate.cfm","6"
"statuses_274_5","include\remoteverticketupdate.cfm","7"
"types_256_2","include\remoteverticketupdate.cfm","8"
"priorities_274_7","include\remoteverticketupdate.cfm","9"
"vers_274_8","include\remoteverticketupdate.cfm","10"
"update_275_1","include\remoteverticketupdate2.cfm","3"
"details_275_2","include\remoteverticketupdate2.cfm","4"
"select_query","include\qry\audageranges_sel.cfm","11"
"auditionprojectDetails","include\remote_aud_project_update.cfm","6"
"audcategories_sel","include\remote_aud_project_update.cfm","7"
"audsubcategories_sel","include\remote_aud_project_update.cfm","8"
"audunions_sel","include\remote_aud_project_update.cfm","9"
"audnetworks_user_sel","include\remote_aud_project_update.cfm","10"
"audtones_user_sel","include\remote_aud_project_update.cfm","11"
"audcontracttypes_sel","include\remote_aud_project_update.cfm","12"
"castingdirectors_sel","include\remote_aud_project_update.cfm","13"
"audplatforms_sel","include\remote_aud_project_update.cfm","15"
"incometypes_sel","include\remote_aud_project_update.cfm","16"
"audpaycyles_sel","include\remote_aud_project_update.cfm","17"
"insert_277_1","include\remote_aud_project_update2.cfm","6"
"insert_277_2","include\remote_aud_project_update2.cfm","15"
"find_new_277_3","include\remote_aud_project_update2.cfm","22"
"audcontacts_auditions_xref_ins","include\remote_aud_project_update2.cfm","26"
"del_277_4","include\remote_aud_project_update2.cfm","31"
"audprojects_upd","include\remote_aud_project_update2.cfm","34"
"audanswers_ins_342_1","include\qry\audanswers_ins.cfm","15"
"findit_278_1","include\remote_load.cfm","3"
"audageranges_ins_341_1","include\qry\audageranges_upd.cfm","13"
"update_68_1","include\removestatus.cfm","8"
"x_280_1","include\reportrangegenerator.cfm","3"
"update2_280_2","include\reportrangegenerator.cfm","96"
"update2_280_3","include\reportrangegenerator.cfm","100"
"audanswers_ins_343_1","include\qry\audanswers_upd.cfm","15"
"audcallbacktypes_sel_344_1","include\qry\audcallbacktypes_sel.cfm","3"
"audcallbacktypes_sel_def_344_2","include\qry\audcallbacktypes_sel.cfm","5"
"dataset_x_281_4","include\reports.cfm","97"
"reportitems_x_281_3","include\reports.cfm","150"
"dataset_x_281_4","include\reports.cfm","151"
"labels_x_281_5","include\reports.cfm","152"
"values_x_281_6","include\reports.cfm","158"
"delete_all_282_1","include\reportsRefresh.cfm","18"
"rangeselected_282_2","include\reportsRefresh.cfm","19"
"reportRefresh","include\reportsRefresh.cfm","21"
"dataset_x_281_4","include\reports_backup.cfm","97"
"reportitems_x_281_3","include\reports_backup.cfm","150"
"dataset_x_281_4","include\reports_backup.cfm","151"
"labels_x_281_5","include\reports_backup.cfm","152"
"values_x_281_6","include\reports_backup.cfm","159"
"removenotdups","include\restoreaction.cfm","3"
"restoreActionUsers","include\restoreaction.cfm","5"
"audcategories_ins_345_1","include\qry\audcategories_ins.cfm","7"
"FindDetails_284_1","include\results.cfm","86"
"update_285_1","include\rolecheck.cfm","20"
"audition","include\roleupdateform.cfm","7"
"essence_sel_470_1","include\roleupdateform.cfm","9"
"audroletypes_sel","include\roleupdateform.cfm","10"
"myteam_499_1","include\roleupdateform.cfm","11"
"auddialects_user_sel_358_1","include\roleupdateform.cfm","12"
"audsources_sel_499_2","include\roleupdateform.cfm","13"
"opencalls_286_1","include\roleupdateform.cfm","210"
"findc_286_2","include\roleupdateform.cfm","221"
"referrals_286_3","include\roleupdateform.cfm","266"
"findc_286_4","include\roleupdateform.cfm","277"
"subsites_286_5","include\roleupdateform.cfm","312"
"ranges_286_6","include\roleupdateform.cfm","351"
"findt_286_7","include\roleupdateform.cfm","358"
"vocals_286_8","include\roleupdateform.cfm","422"
"findt_286_9","include\roleupdateform.cfm","429"
"essences_286_10","include\roleupdateform.cfm","455"
"findg_286_11","include\roleupdateform.cfm","461"
"findit_286_12","include\roleupdateform.cfm","491"
"genres_286_13","include\roleupdateform.cfm","497"
"findge_286_14","include\roleupdateform.cfm","503"
"select_query","include\qry\audcategories_sel.cfm","9"
"delete_287_1","include\roleupdateform2.cfm","74"
"delete_287_2","include\roleupdateform2.cfm","75"
"delete_287_3","include\roleupdateform2.cfm","76"
"delete_287_4","include\roleupdateform2.cfm","77"
"delete_287_5","include\roleupdateform2.cfm","78"
"findit2_287_6","include\roleupdateform2.cfm","82"
"insert_287_7","include\roleupdateform2.cfm","87"
"findit_287_8","include\roleupdateform2.cfm","95"
"insert_287_9","include\roleupdateform2.cfm","100"
"insert_287_10","include\roleupdateform2.cfm","104"
"findit_287_11","include\roleupdateform2.cfm","113"
"insert_287_12","include\roleupdateform2.cfm","117"
"insert_287_13","include\roleupdateform2.cfm","119"
"insert_287_14","include\roleupdateform2.cfm","121"
"delete_287_15","include\roleupdateform2.cfm","128"
"insert_287_16","include\roleupdateform2.cfm","131"
"delete_287_4","include\roleupdateform2.cfm","137"
"insert_287_18","include\roleupdateform2.cfm","140"
"findg_287_19","include\roleupdateform2.cfm","162"
"add_287_20","include\roleupdateform2.cfm","181"
"find_subsite_287_21","include\roleupdateform2.cfm","195"
"update_287_22","include\roleupdateform2.cfm","223"
"add_287_23","include\roleupdateform2.cfm","233"
"insert_287_24","include\roleupdateform2.cfm","262"
"audroles_upd_287_25","include\roleupdateform2.cfm","269"
"RPG_288_1","include\rpg_load.cfm","2"
"RPGFields_288_2","include\rpg_load.cfm","3"
"RPGResults_288_3","include\rpg_load.cfm","4"
"RPGkey_288_4","include\rpg_load.cfm","5"
"RPGAdd_288_5","include\rpg_load.cfm","6"
"RPGUpdate_288_6","include\rpg_load.cfm","7"
"audcategories_ins_347_1","include\qry\audcategories_upd.cfm","7"
"select_query","include\qry\audcategory_sel.cfm","11"
"getContactsbyAudProject","include\qry\audcontacts.cfm","4"
"audcontacts_sel_349_2","include\qry\audcontacts.cfm","6"
"x_291_1","include\share.cfm","21"
"audcontacts_auditions_xref_ins_350_1","include\qry\audcontacts_auditions_xref_ins.cfm","7"
"y_292_1","include\sql.cfm","2"
"allfields_536_2","include\sql.cfm","8"
"x_292_3","include\sql.cfm","9"
"findp_292_4","include\sql.cfm","10"
"find_292_5","include\sql.cfm","44"
"mysystems_295_1","include\systemprefs_pane.cfm","3"
"action_user_295_2","include\systemprefs_pane.cfm","20"
"action_user_del_295_3","include\systemprefs_pane.cfm","21"
"FindSystem_294_6","include\SystemChange.cfm","33"
"FindSystemOld_294_7","include\SystemChange.cfm","34"
"InsertNote_294_8","include\SystemChange.cfm","61"
"InsertNote_294_8","include\SystemChange.cfm","66"
"InsertNote_294_8","include\SystemChange.cfm","71"
"InsertNote_294_8","include\SystemChange.cfm","76"
"InsertNote_294_8","include\SystemChange.cfm","81"
"InsertNote_294_8","include\SystemChange.cfm","86"
"audcontacts_auditions_xref_ins_351_1","include\qry\audcontacts_auditions_xref_upd.cfm","7"
"audcontracttypes_ins_352_1","include\qry\audcontracttypes_ins.cfm","9"
"delete_298_1","include\TagChange.cfm","12"
"find_298_2","include\TagChange.cfm","19"
"insert_tag_298_3","include\TagChange.cfm","23"
"find_298_2","include\TagChange.cfm","24"
"insert_298_5","include\TagChange.cfm","27"
"y_298_6","include\TagChange.cfm","32"
"find_orphan_298_7","include\TagChange.cfm","36"
"d_298_8","include\TagChange.cfm","40"
"select_cat_query","include\qry\audcontracttypes_sel.cfm","11"
"audcontracttypes_ins_354_1","include\qry\audcontracttypes_upd.cfm","9"
"auddialects_ins_355_1","include\qry\auddialects_ins.cfm","9"
"thrivecart_results","include\thrivecart_results.cfm","14"
"uu_223_2","include\ticketclose.cfm","2"
"update_299_2","include\ticketclose.cfm","3"
"select_cat_query","include\qry\auddialects_sel.cfm","10"
"update_302_1","include\ticketpass.cfm","2"
"auddialects_ins_357_1","include\qry\auddialects_upd.cfm","9"
"find_300_1","include\ticketcomplete.cfm","4"
"update_300_2","include\ticketcomplete.cfm","6"
"details_303_3","include\ticketcomplete.cfm","7"
"find_303_1","include\ticket_email_client.cfm","6"
"update_303_2","include\ticket_email_client.cfm","13"
"details_303_3","include\ticket_email_client.cfm","16"
"BatchDetails_304_1","include\tmpcontactgroups.cfm","17"
"lastupdates","include\tmpcontactgroups.cfm","34"
"FindScope_304_2","include\tmpcontactgroups.cfm","61"
"FindSystem_304_3","include\tmpcontactgroups.cfm","85"
"FindActive_304_4","include\tmpcontactgroups.cfm","99"
"findsame_304_5","include\tmpcontactgroups.cfm","138"
"delete_304_6","include\tmpcontactgroups.cfm","156"
"lastupdates","include\tmpcontacttags.cfm","30"
"BatchDetails_304_1","include\tmpcontacttags.cfm","42"
"findsame_305_2","include\tmpcontacttags.cfm","60"
"insert_305_3","include\tmpcontacttags.cfm","67"
"insert_305_4","include\tmpcontacttags.cfm","94"
"audgenres_audition_xref_359_1","include\qry\audgenres_audition_xref.cfm","3"
"toasts_306_1","include\toast.cfm","2"
"toastmenu_306_2","include\toast.cfm","3"
"audgenres_audition_xref_ins_360_1","include\qry\audgenres_audition_xref_ins.cfm","7"
"y_308_1","include\transfer_audition_back .cfm","18"
"find_308_2","include\transfer_audition_back .cfm","30"
"err_308_3","include\transfer_audition_back .cfm","37"
"err_308_4","include\transfer_audition_back .cfm","44"
"err_308_5","include\transfer_audition_back .cfm","51"
"findcat_308_6","include\transfer_audition_back .cfm","56"
"err_308_7","include\transfer_audition_back .cfm","62"
"findsource_308_8","include\transfer_audition_back .cfm","66"
"err_308_9","include\transfer_audition_back .cfm","71"
"update_308_10","include\transfer_audition_back .cfm","74"
"x_308_11","include\transfer_audition_back .cfm","79"
"x_308_12","include\transfer_audition_back .cfm","81"
"findcd_308_13","include\transfer_audition_back .cfm","96"
"INScontactDetails","include\transfer_audition_back .cfm","101"
"insert_28_2","include\transfer_audition_back .cfm","109"
"find_subcat_308_16","include\transfer_audition_back .cfm","131"
"find_cat_308_17","include\transfer_audition_back .cfm","170"
"find_subcat_308_18","include\transfer_audition_back .cfm","174"
"audprojects_ins_308_19","include\transfer_audition_back .cfm","185"
"find_source_308_20","include\transfer_audition_back .cfm","190"
"audroles_ins_308_21","include\transfer_audition_back .cfm","200"
"InsertNote_308_22","include\transfer_audition_back .cfm","203"
"update_contact_308_23","include\transfer_audition_back .cfm","206"
"linkdetails_309_1","include\updateeventtype.cfm","3"
"find_events_309_2","include\updateeventtype.cfm","4"
"audgenres_audition_xref_ins_361_1","include\qry\audgenres_audition_xref_upd.cfm","7"
"update_310_1","include\updateeventtypeupdate.cfm","6"
"audgenres_ins_362_1","include\qry\audgenres_ins.cfm","9"
"FindOld_311_1","include\UpdateFormUpdate.cfm","60"
"update_311_2","include\UpdateFormUpdate.cfm","106"
"INSERT_266_3","include\UpdateFormUpdate.cfm","107"
"update_312_1","include\updatetickver2.cfm","3"
"details_312_2","include\updatetickver2.cfm","4"
"inserttlog","include\updatetickver2.cfm","18"
"old_312_3","include\updatetickver2.cfm","23"
"new_312_4","include\updatetickver2.cfm","24"
"inserttlog","include\updatetickver2.cfm","46"
"update_cal","include\update_cal.cfm","9"
"audgenres_update","include\qry\audgenres_upd.cfm","9"
"find_313_1","include\update_import_auditions.cfm","27"
"update_record_313_2","include\update_import_auditions.cfm","32"
"select_cat_user_query","include\qry\audgenres_sel.cfm","11"
"query_0_314_1","include\update_order.cfm","7"
"findtype_365_1","include\qry\AUDintoEVENTS.cfm","17"
"findloc_365_2","include\qry\AUDintoEVENTS.cfm","45"
"add_365_3","include\qry\AUDintoEVENTS.cfm","73"
"t_365_4","include\qry\AUDintoEVENTS.cfm","75"
"tt_365_5","include\qry\AUDintoEVENTS.cfm","77"
"dd_365_6","include\qry\AUDintoEVENTS.cfm","79"
"inserts_365_7","include\qry\AUDintoEVENTS.cfm","81"
"INScontactdetails","include\qry\audition-add2.cfm","8"
"insert_367_2","include\qry\audition-add2.cfm","12"
"insert_367_3","include\qry\audition-add2.cfm","16"
"add_367_4","include\qry\audition-add2.cfm","24"
"insert_367_5","include\qry\audition-add2.cfm","26"
"insert_367_6","include\qry\audition-add2.cfm","28"
"audprojects_ins","include\qry\audition-add2.cfm","32"
"audroles_ins","include\qry\audition-add2.cfm","33"
"auditions_ins","include\qry\audition-add2.cfm","36"
"update_367_7","include\qry\audition-add2.cfm","38"
"add_cd_28_12","include\qry\audition-add2.cfm","42"
"submitsitefix_368_1","include\qry\audition.cfm","17"
"projectDetails_368_2","include\qry\audition.cfm","20"
"roleDetails_368_3","include\qry\audition.cfm","30"
"delete_ref_368_4","include\qry\audition.cfm","34"
"events_368_5","include\qry\audition.cfm","37"
"events_nobooking_368_6","include\qry\audition.cfm","40"
"delete_368_7","include\qry\audition.cfm","44"
"delete2_368_8","include\qry\audition.cfm","46"
"add_aud_contact","include\qry\audition.cfm","53"
"getSystemIdBasedOnTag","include\qry\audition.cfm","57"
"cdcheck_368_9","include\qry\audition.cfm","71"
"add_cd_368_10","include\qry\audition.cfm","75"
"audageranges_audtion_xref_368_11","include\qry\audition.cfm","85"
"INSERT_315_1","include\upload.cfm","6"
"find_315_2","include\upload.cfm","38"
"getContactsImportByUploadID","include\upload.cfm","43"
"add_315_6","include\upload.cfm","48"
"find_note_315_7","include\upload.cfm","57"
"InsertNote_315_8","include\upload.cfm","60"
"tag_315_10","include\upload.cfm","68"
"tag_insert_315_11","include\upload.cfm","71"
"tag_315_12","include\upload.cfm","74"
"tag_insert_315_13","include\upload.cfm","78"
"tag_315_14","include\upload.cfm","81"
"tag_insert_315_15","include\upload.cfm","84"
"e_315_16","include\upload.cfm","87"
"e_insert_315_17","include\upload.cfm","89"
"f_315_18","include\upload.cfm","92"
"f_insert_315_19","include\upload.cfm","94"
"g_315_20","include\upload.cfm","97"
"g_insert_315_21","include\upload.cfm","99"
"h_315_22","include\upload.cfm","102"
"h_insert_315_23","include\upload.cfm","104"
"i_315_24","include\upload.cfm","107"
"i_insert_315_25","include\upload.cfm","109"
"j_315_26","include\upload.cfm","112"
"j_insert_315_27","include\upload.cfm","114"
"u_315_28","include\upload.cfm","117"
"u_insert_315_29","include\upload.cfm","119"
"address_315_30","include\upload.cfm","122"
"address_insert_315_31","include\upload.cfm","126"
"maints_315_32","include\upload.cfm","133"
"findsystem_315_33","include\upload.cfm","145"
"addSystem_315_34","include\upload.cfm","152"
"addDaysNo_315_35","include\upload.cfm","155"
"checkUnique_315_36","include\upload.cfm","157"
"addNotification_315_37","include\upload.cfm","161"
"addNotification_315_38","include\upload.cfm","163"
"relationships_366_1","include\qry\audition-add.cfm","2"
"durations","include\qry\audition-add.cfm","4"
"auditionDetails_369_1","include\qry\auditiondetails.cfm","3"
"find_317_1","include\upload_update_audition.cfm","20"
"fix_191_9","include\upload_update_audition.cfm","26"
"users_318_1","include\user_setup.cfm","57"
"C_318_2","include\user_setup.cfm","201"
"m_318_3","include\user_setup.cfm","293"
"FIND_318_4","include\user_setup.cfm","296"
"insert_318_5","include\user_setup.cfm","300"
"x_318_6","include\user_setup.cfm","304"
"find_318_7","include\user_setup.cfm","308"
"insert_318_8","include\user_setup.cfm","321"
"Findtotal_318_9","include\user_setup.cfm","328"
"add_318_10","include\user_setup.cfm","329"
"add_249_6","include\user_setup.cfm","331"
"x_318_12","include\user_setup.cfm","342"
"find_318_13","include\user_setup.cfm","346"
"insert_318_14","include\user_setup.cfm","359"
"x_318_15","include\user_setup.cfm","370"
"find_318_16","include\user_setup.cfm","374"
"find2_318_17","include\user_setup.cfm","379"
"insert_318_18","include\user_setup.cfm","392"
"xs_318_19","include\user_setup.cfm","408"
"find_318_20","include\user_setup.cfm","412"
"insert_318_21","include\user_setup.cfm","425"
"xs_318_22","include\user_setup.cfm","437"
"getActionUsers","include\user_setup.cfm","441"
"insert_318_24","include\user_setup.cfm","454"
"x_318_25","include\user_setup.cfm","467"
"find_318_26","include\user_setup.cfm","471"
"insert_318_27","include\user_setup.cfm","484"
"update_tags_318_28","include\user_setup.cfm","496"
"update_Iscasting_318_29","include\user_setup.cfm","497"
"u_318_30","include\user_setup.cfm","498"
"x_318_31","include\user_setup.cfm","499"
"find_318_32","include\user_setup.cfm","503"
"insert_318_33","include\user_setup.cfm","516"
"x_318_34","include\user_setup.cfm","529"
"find_318_35","include\user_setup.cfm","534"
"check_318_36","include\user_setup.cfm","536"
"insert_318_37","include\user_setup.cfm","546"
"find_320_1","include\version-add2.cfm","33"
"insert_320_2","include\version-add2.cfm","40"
"auditionprojectDetails_370_1","include\qry\auditionprojectdetails.cfm","3"
"update_322_1","include\version-update2.cfm","3"
"vers_323_1","include\version.cfm","11"
"versions_323_2","include\version.cfm","251"
"ticketusers_323_3","include\version.cfm","340"
"ticketme_323_4","include\version.cfm","341"
"updateEventData","include\qry\auditions.cfm","2"
"coss_371_1","include\qry\auditions.cfm","26"
"getAuditions","include\qry\auditions.cfm","30"
"imports_372_1","include\qry\auditionsimport.cfm","3"
"duration","include\qry\auditions_ins.cfm","33"
"auditions_ins_373_1","include\qry\auditions_ins.cfm","54"
"update_373_2","include\qry\auditions_ins.cfm","56"
"duration","include\qry\auditions_upd.cfm","51"
"auditions_ins_374_1","include\qry\auditions_upd.cfm","73"
"results_375_1","include\qry\auditlog.cfm","3"
"audlocations_sel_376_1","include\qry\audlocations_sel.cfm","3"
"audmedia_377_1","include\qry\audmedia.cfm","3"
"headshots_377_2","include\qry\audmedia.cfm","5"
"audmediatypes_ins_378_1","include\qry\audmediatypes_ins.cfm","7"
"audmediatypes_ins_380_1","include\qry\audmediatypes_upd.cfm","7"
"select_query","include\qry\audmediatypes_sel.cfm","10"
"audmedia_audroles_xref_ins_381_1","include\qry\audmedia_audroles_xref_ins.cfm","11"
"audmedia_audroles_xref_ins_382_1","include\qry\audmedia_audroles_xref_upd.cfm","11"
"audmedia_ins_383_1","include\qry\audmedia_ins.cfm","25"
"find_383_2","include\qry\audmedia_ins.cfm","29"
"add_383_3","include\qry\audmedia_ins.cfm","33"
"audmedia_upd_386_1","include\qry\audmedia_upd.cfm","19"
"audnetworks_ins_387_1","include\qry\audnetworks_ins.cfm","9"
"select_cat_user_query","include\qry\audnetworks_sel.cfm","12"
"audnetworks_ins_389_1","include\qry\audnetworks_upd.cfm","9"
"audpaycycles_sel_391_1","include\qry\audpaycycles_sel.cfm","3"
"select_cat_user_query","include\qry\audnetworks_user_sel.cfm","11"
"audpaycyles_sel_392_1","include\qry\audpaycyles_sel.cfm","3"
"audplatforms_ins_393_1","include\qry\audplatforms_ins.cfm","6"
"select_query","include\qry\audplatforms_sel.cfm","10"
"audplatforms_ins_395_1","include\qry\audplatforms_upd.cfm","6"
"Audplatforms_user_sel_396_1","include\qry\audplatforms_user_sel.cfm","11"
"audprojects_castingabout_ins_397_1","include\qry\audprojects_castingabout_ins.cfm","42"
"audprojects_castingabout_ins_398_1","include\qry\audprojects_castingabout_upd.cfm","17"
"audprojects_ins_399_1","include\qry\audprojects_ins.cfm","26"
"select_user_query","include\qry\audprojects_sel.cfm","11"
"audprojects_ins_401_1","include\qry\audprojects_upd.cfm","52"
"audqtypes_ins_402_1","include\qry\audqtypes_ins.cfm","7"
"select_query","include\qry\audqtypes_sel.cfm","11"
"audqtypes_ins_404_1","include\qry\audqtypes_upd.cfm","9"
"audquestions_default_ins_405_1","include\qry\audquestions_default_ins.cfm","8"
"audquestions_default_ins_406_1","include\qry\audquestions_default_upd.cfm","11"
"audquestions_user_ins_407_1","include\qry\audquestions_user_ins.cfm","18"
"audquestions_user_ins_408_1","include\qry\audquestions_user_upd.cfm","18"
"audroles_ins_409_1","include\qry\audroles_ins.cfm","35"
"select_user_query","include\qry\audroles_sel.cfm","11"
"audroles_ins_411_1","include\qry\audroles_upd.cfm","33"
"audroletypes_ins_412_1","include\qry\audroletypes_ins.cfm","7"
"select_cat_query","include\qry\audroletypes_sel.cfm","10"
"audroletypes_ins_414_1","include\qry\audroletypes_upd.cfm","12"
"audsources_ins_415_1","include\qry\audsources_ins.cfm","7"
"select_user_query_noisdelete","include\qry\audsources_sel.cfm","10"
"audsources_ins_417_1","include\qry\audsources_upd.cfm","7"
"audsteps_ins_418_1","include\qry\audsteps_ins.cfm","6"
"select_query","include\qry\audsteps_sel.cfm","9"
"audsteps_ins_420_1","include\qry\audsteps_upd.cfm","7"
"audsubcategories_ins_421_1","include\qry\audsubcategories_ins.cfm","8"
"select_cat_query","include\qry\audsubcategories_sel.cfm","11"
"audsubcategories_ins_423_1","include\qry\audsubcategories_upd.cfm","8"
"events_424_1","include\qry\auds_byrole.cfm","6"
"audtones_ins_425_1","include\qry\audtones_ins.cfm","8"
"audtones_ins_427_1","include\qry\audtones_upd.cfm","8"
"select_cat_user_query","include\qry\audtones_sel.cfm","14"
"audtones_user_sel_428_1","include\qry\audtones_user_sel.cfm","2"
"audtypes_ins_429_1","include\qry\audtypes_ins.cfm","7"
"audtypes_sel_430_1","include\qry\audtypes_sel.cfm","5"
"audtypes_ins_431_1","include\qry\audtypes_upd.cfm","7"
"audunions_ins_432_1","include\qry\audunions_ins.cfm","8"
"audunions_sel_433_1","include\qry\audunions_sel.cfm","7"
"audunions_ins_434_1","include\qry\audunions_upd.cfm","8"
"audvocaltypes_audition_xref_ins_435_1","include\qry\audvocaltypes_audition_xref_ins.cfm","7"
"audvocaltypes_audition_xref_ins_436_1","include\qry\audvocaltypes_audition_xref_upd.cfm","7"
"audvocaltypes_ins_437_1","include\qry\audvocaltypes_ins.cfm","7"
"select_query","include\qry\audvocaltypes_sel.cfm","9"
"audvocaltypes_ins_439_1","include\qry\audvocaltypes_upd.cfm","7"
"aud_det_440_1","include\qry\aud_det.cfm","3"
"questions_441_1","include\qry\aud_questions.cfm","2"
"birthdays_442_1","include\qry\birthdays.cfm","2"
"eventss_443_1","include\qry\calendar-appoint.cfm","3"
"updateEventData","include\qry\calendar-appoint.cfm","5"
"castingdirectors_sel_445_1","include\qry\castingdirectors_sel.cfm","6"
"categories_446_1","include\qry\categories.cfm","2"
"checkUnique_447_1","include\qry\checkUniqueContact.cfm","3"
"cities_448_1","include\qry\cities.cfm","3"
"details_451_1","include\qry\contact.cfm","3"
"refer_details_451_2","include\qry\contact.cfm","7"
"results_451_3","include\qry\contact.cfm","11"
"pronouns_451_4","include\qry\contact.cfm","14"
"systems_452_1","include\qry\contacts.cfm","3"
"systemnames_452_2","include\qry\contacts.cfm","5"
"systems_453_1","include\qry\contacts_all.cfm","3"
"systemnames_453_2","include\qry\contacts_all.cfm","5"
"systems_454_1","include\qry\contacts_all_tabs.cfm","3"
"contacts_all","include\qry\contacts_check.cfm","6"
"contacts","include\qry\contacts_check.cfm","9"
"details_456_1","include\qry\contact_info.cfm","5"
"refer_details_456_2","include\qry\contact_info.cfm","9"
"results_456_3","include\qry\contact_info.cfm","13"
"pronouns_456_4","include\qry\contact_info.cfm","16"
"dashboards_458_1","include\qry\dashboard.cfm","3"
"notsActives_458_2","include\qry\dashboard.cfm","5"
"dashboards_459_1","include\qry\dashboardoptions.cfm","3"
"del_460_1","include\qry\dashboardupdate2.cfm","6"
"pgpanels_460_2","include\qry\dashboardupdate2.cfm","14"
"insert_460_3","include\qry\dashboardupdate2.cfm","21"
"dashboards_458_1","include\qry\dashboard_new.cfm","1"
"r_462_1","include\qry\dash_rr.cfm","3"
"getAllDateFormats","include\qry\dateformats.cfm","6"
"allfields_536_2","include\qry\default_table_ins.cfm","13"
"x_464_2","include\qry\default_table_ins.cfm","16"
"tname_ins_464_3","include\qry\default_table_ins.cfm","51"
"FindFields_188_7","include\qry\details.cfm","2"
"FindKey_466_1","include\qry\details.cfm","8"
"FindResults_466_2","include\qry\details.cfm","54"
"FindJoins_466_3","include\qry\details.cfm","57"
"details_466_4","include\qry\details.cfm","92"
"duration_467_1","include\qry\duration.cfm","3"
"emailcheck_469_1","include\qry\emailcheck.cfm","3"
"essence_sel_470_1","include\qry\essence_sel.cfm","6"
"eventresults_471_1","include\qry\events.cfm","10"
"events_472_1","include\qry\events_byuser.cfm","3"
"eventtypes_user_473_1","include\qry\eventtypes_user.cfm","10"
"findcompany_476_1","include\qry\findcompany.cfm","3"
"actions_159_2","include\qry\fu_actions.cfm","3"
"audmedia_384_1","include\qry\getAuditionMaterials.cfm","3"
"audmedia_picklist_385_1","include\qry\getAuditionMediaPicklist.cfm","3"
"headshots_sel_478_1","include\qry\headshots_sel.cfm","6"
"headshots_sel_479_1","include\qry\headshots_sel_unused.cfm","6"
"details_484_1","include\qry\import.cfm","3"
"incometypes_sel_486_1","include\qry\incometypes_sel.cfm","6"
"inserttlog_487_1","include\qry\inserttlog.cfm","13"
"items_488_1","include\qry\items.cfm","5"
"itemsAll_489_1","include\qry\itemsAll.cfm","6"
"locationDetails_492_1","include\qry\locationDetails.cfm","2"
"materials_details_493_1","include\qry\materials_details.cfm","6"
"headshots_sel_495_1","include\qry\materials_sel_unused.cfm","5"
"mylinks_498_1","include\qry\mylinks.cfm","3"
"myteam_499_1","include\qry\myteam.cfm","3"
"audsources_sel_499_2","include\qry\myteam.cfm","5"
"details_500_1","include\qry\note-add-aud.cfm","3"
"events_501_1","include\qry\note-add-event.cfm","3"
"details_501_2","include\qry\note-add-event.cfm","5"
"events_502_1","include\qry\note-add.cfm","3"
"details_502_2","include\qry\note-add.cfm","5"
"note_503_1","include\qry\note-update-aud.cfm","3"
"details_503_2","include\qry\note-update-aud.cfm","5"
"events_504_1","include\qry\note-update-event.cfm","3"
"note_504_2","include\qry\note-update-event.cfm","5"
"details_504_3","include\qry\note-update-event.cfm","7"
"events_505_1","include\qry\note-update.cfm","3"
"note_505_2","include\qry\note-update.cfm","5"
"details_505_3","include\qry\note-update.cfm","7"
"notesaud_506_1","include\qry\NotesAud.cfm","7"
"notesContactDetails_506_2","include\qry\NotesAud.cfm","10"
"notesContact_507_1","include\qry\notesContact.cfm","7"
"notesContactDetails_507_2","include\qry\notesContact.cfm","10"
"notesEvent_508_1","include\qry\notesEvent.cfm","7"
"notesContactDetails_508_2","include\qry\notesEvent.cfm","10"
"notesRelationship_509_1","include\qry\notesrelationship.cfm","7"
"notesContactDetails_509_2","include\qry\notesrelationship.cfm","10"
"notsActive_510_1","include\qry\notsactive.cfm","8"
"notsInactive_510_2","include\qry\notsactive.cfm","11"
"reminders_511_1","include\qry\notsactivedash.cfm","6"
"notsActive_511_2","include\qry\notsactivedash.cfm","9"
"notsActives_511_3","include\qry\notsactivedash.cfm","12"
"notsall_512_1","include\qry\notsall.cfm","3"
"phonecheck_515_1","include\qry\phonecheck.cfm","3"
"profiles_516_1","include\qry\profiles.cfm","3"
"projectDetails_517_1","include\qry\projectDetails.cfm","3"
"rels_519_1","include\qry\rels.cfm","3"
"audcategories_sel","include\qry\remoteaudadd.cfm","12"
"audsubcategories_sel","include\qry\remoteaudadd.cfm","15"
"details_521_1","include\qry\remoteUpdateC.cfm","3"
"findcountry_521_2","include\qry\remoteUpdateC.cfm","8"
"findregion_521_3","include\qry\remoteUpdateC.cfm","14"
"types_521_4","include\qry\remoteUpdateC.cfm","22"
"companies_521_5","include\qry\remoteUpdateC.cfm","145"
"audunions_sel","include\qry\remote_aud_project_update.cfm","2"
"audnetworks_sel","include\qry\remote_aud_project_update.cfm","3"
"auditionrojectDetails","include\qry\remote_aud_project_update.cfm","4"
"reportcolors_523_1","include\qry\reportcolors.cfm","3"
"reportcheck_524_1","include\qry\reports.cfm","20"
"u_524_2","include\qry\reports.cfm","24"
"x_524_3","include\qry\reports.cfm","27"
"find_524_4","include\qry\reports.cfm","30"
"insert_524_5","include\qry\reports.cfm","34"
"finditems_524_6","include\qry\reports.cfm","41"
"ranges_524_7","include\qry\reports.cfm","51"
"rangeselected_524_8","include\qry\reports.cfm","53"
"reports_524_9","include\qry\reports.cfm","74"
"stats_524_10","include\qry\reports.cfm","77"
"categories_524_11","include\qry\reports.cfm","80"
"ratio_13_524_12","include\qry\reports.cfm","83"
"ratio_17_524_13","include\qry\reports.cfm","85"
"FindFields_188_7","include\qry\results.cfm","3"
"FindKey_526_1","include\qry\results.cfm","19"
"FindResults_526_2","include\qry\results.cfm","24"
"FindJoins_526_3","include\qry\results.cfm","27"
"results_526_4","include\qry\results.cfm","50"
"getFuSystemUsersBySystemID","include\qry\selectActions.cfm","2"
"tname_sel_529_1","include\qry\select_cat_query.cfm","6"
"cats_529_2","include\qry\select_cat_query.cfm","21"
"bycat_529_3","include\qry\select_cat_query.cfm","28"
"tname_sel_531_1","include\qry\select_query.cfm","5"
"tname_sel_530_1","include\qry\select_cat_user_query.cfm","7"
"tname_sel_532_1","include\qry\select_user_query.cfm","5"
"tname_sel_533_1","include\qry\select_user_query_noisdelete.cfm","6"
"shares_534_1","include\qry\share.cfm","3"
"sitetypes_535_1","include\qry\sitetypes.cfm","2"
"y_536_1","include\qry\sql.cfm","3"
"allfields_536_2","include\qry\sql.cfm","10"
"x_536_3","include\qry\sql.cfm","12"
"findp_536_4","include\qry\sql.cfm","14"
"find_536_5","include\qry\sql.cfm","48"
"sysActive_537_1","include\qry\sysActive.cfm","6"
"FindUser_538_1","include\qry\systemNotificationsActive.cfm","12"
"FindUser_539_1","include\qry\SystemsActiveContact.cfm","3"
"findscope_539_2","include\qry\SystemsActiveContact.cfm","5"
"sysAvail_539_3","include\qry\SystemsActiveContact.cfm","15"
"Systems_540_1","include\qry\SystemsContact.cfm","3"
"TagsContact_541_1","include\qry\tagsContact.cfm","3"
"tagsvalid_542_1","include\qry\tagsvalid.cfm","3"
"statuses_543_1","include\qry\testing.cfm","10"
"details_543_2","include\qry\testing.cfm","13"
"results_544_1","include\qry\testings.cfm","3"
"getAllTimezones","include\qry\timezones.cfm","3"
"getMinimalTimezones","include\qry\timezones.cfm","5"
"BatchDetails_548_1","include\qry\tmpcontactgroups.cfm","6"
"toasts_549_1","include\qry\toasts.cfm","3"
"toastmenu_549_2","include\qry\toasts.cfm","5"
"FindKey_550_1","include\qry\update.cfm","8"
"FindResults_550_2","include\qry\update.cfm","17"
"FindJoins_550_3","include\qry\update.cfm","20"
"update_550_4","include\qry\update.cfm","55"
"update_551_1","include\qry\updateNotification.cfm","2"
"update_552_1","include\qry\update_action_users.cfm","2"
"update_553_1","include\qry\update_action_users2.cfm","2"
"statuses_554_1","include\qry\version-add.cfm","2"
"details_555_1","include\qry\version-update.cfm","3"
"statuses_555_2","include\qry\version-update.cfm","5"
"details_556_1","include\qry\version.cfm","9"
"results_556_2","include\qry\version.cfm","11"
"priorities_556_3","include\qry\version.cfm","13"
"results_557_1","include\qry\versions.cfm","3"
